医疗卫生水平_省份,医疗卫生水平_代码,医疗卫生水平_年份,医疗设施_三甲医院数/个,医疗设施_基层医疗卫生机构数/个,医疗设施_专业公共卫生机构/个,医疗设施_医疗卫生机构床位数/张,医疗人才_执业医师数/人,医疗人才_注册护士数/人,医疗人才_药师数/人,医疗收支_医疗卫生机构事业收入/亿元,医疗收支_医疗卫生机构业务成本/亿元,医疗服务_诊疗人次数/万人次,医疗服务_急诊病死率%,医疗服务_入院人数/万人,医疗服务_住院病死率%,医疗保障_人均卫生费用/元,医疗保障_城乡居民医疗保健支出占消费性支出
安徽,1,2012,30,21812,446,222315,71181,95046,11817,517.1,446,23491.54,0.08,711.65,0.23,1857.08,7.43
安徽,1,2013,32,21872,1748,235959,75936,103404,12276,596.46,530.87,25474.34,0.08,762.58,0.26,2025.71,8.04
安徽,1,2014,41,22014,1755,252044,80525,111497,12909,686.31,601.87,26282.04,0.08,821.36,0.3,2172.67,6.46
安徽,1,2015,41,22030,1721,267405,84620,119303,13456,741.32,682.15,26124,0.07,842.99,0.3,2376.98,7.29
安徽,1,2016,41,22271,983,281720,90089,126350,13875,812.23,755.93,26300.19,0.08,897.32,0.3,2652.17,7.18
安徽,1,2017,43,22635,666,305746,97680,138139,14460,917.03,861.67,28012.23,0.07,996.09,0.3,2897.37,7.36
安徽,1,2018,46,23076,604,328123,103628,149723,15000,1030.85,991.48,29701.92,0.07,1011.06,0.3,3159.72,7.16
安徽,1,2019,50,24558,544,347395,113502,163390,15700,1187.64,1304.4,33315.93,0.06,1035.89,0.3,3518.93,7.78
安徽,1,2020,52,27400,481,407813,133307,188182,16662,1232.48,1385.96,34606.55,0.07,950.17,0.35,3995.66,8.4
安徽,1,2021,53,27629,466,411023,140783,200950,17098,1369.94,1571.86,36406.08,0.07,949.32,0.38,4472.39,9.01
安徽,1,2022,54,27858,451,414233,148259,213718,17534,1507.4,1757.76,37205.61,0.07,948.47,0.41,4949.12,9.63
安徽,1,2023,59,29340,484,454000,155735,221000,17970,1644.86,1943.66,38905.14,0.07,947.62,0.44,5425.85,10.25
安徽,1,2024,64,30822,517,493767,163211,228282,18406,1782.32,2129.56,40304.67,0.07,946.77,0.47,5902.58,10.87
北京,2,2012,37,8837,118,100167,69810,79534,11578,943.33,866.12,18529.75,0.08,225.01,1.28,5750.79,7.74
北京,2,2013,44,8857,118,104011,72489,83879,12125,1093.61,1016.7,20466.38,0.08,246.31,1.2,6337.38,7.75
北京,2,2014,45,8802,117,109811,75299,88488,12744,1229.07,1162.89,21359.92,0.07,269.81,1.1,7411.41,7.24
北京,2,2015,53,8912,113,111555,80410,94626,13206,1354.88,1303.95,21780.33,0.08,276.38,1,8453.14,6.49
北京,2,2016,54,8908,112,117041,84276,98082,13682,1524.25,1486.43,23204.97,0.09,311.89,1.1,9429.73,7.06
北京,2,2017,55,9090,110,120645,88934,103459,14082,1691.6,1676.51,22468.66,0.09,328.65,1,10106.42,7.15
北京,2,2018,55,9172,110,123626,93587,107351,14389,1907.85,1883.36,23515.8,0.1,353.6,1,11609.06,8.09
北京,2,2019,58,9416,108,127777,99240,114891,15099,2155.21,2466.34,24886.39,0.1,384.86,1,13766.77,9.12
北京,2,2020,55,9675,105,127033,101061,117944,15146,1794.45,2249.27,18228.88,0.16,253.77,1.27,13834.01,10.14
北京,2,2021,56,9777,101,130259,105757,124086,15515,2328.33,2725.47,22747.57,0.13,367.67,1,13901.25,11.16
北京,2,2022,57,9879,97,133485,110453,130228,15884,2862.2,3201.66,22266.26,0.1,481.56,0.73,13968.49,12.19
北京,2,2023,58,9981,93,136711,115149,136370,16253,3396.07,3677.85,27584.95,0.07,595.45,0.46,14035.73,13.22
北京,2,2024,59,10083,89,139937,119845,142512,16622,3929.94,4154.04,29103.64,0.04,709.34,0.19,14102.97,14.25
福建,3,2012,27,26374,307,139341,57885,71124,11767,429.32,387.42,19203.12,0.03,510.16,0.12,1809.51,4.72
福建,3,2013,27,26151,1406,156149,61939,79929,13323,498.54,453.39,20395.63,0.03,527.67,0.11,2213.36,4.44
福建,3,2014,34,25994,1404,164781,64366,85664,13794,573.26,524.57,21211.94,0.03,533.71,0.1,2553.68,5.02
福建,3,2015,35,25876,1401,173007,66028,90450,13866,626.84,587.95,21190.05,0.03,523.04,0.1,2945.07,5.4
福建,3,2016,34,26190,809,174767,69186,95641,14336,676.77,627.94,21926.66,0.02,535.04,0.1,3226.83,5.61
福建,3,2017,34,26078,470,182375,73323,101209,14578,729.94,688.02,22635.62,0.03,551.11,0.1,3598.89,5.39
福建,3,2018,36,26423,450,192473,78723,109330,14806,835.39,792.89,23366.76,0.03,574.16,0.1,3941.89,5.36
福建,3,2019,38,26596,421,202211,85083,116214,15475,952.82,1026.76,24899.64,0.03,609.22,0.1,4276.7,6.14
福建,3,2020,40,26902,403,216753,90351,122471,15993,936.81,1073.83,24044.76,0.03,531.36,0.15,4631.96,6.93
福建,3,2021,39,27463,392,223813,95297,130171,16728,1096.57,1237.71,26709.99,0.03,560.96,0.15,4987.22,7.72
福建,3,2022,38,28024,381,230873,100243,137871,17463,1256.33,1401.6,26275.22,0.03,590.56,0.15,5342.48,8.51
福建,3,2023,37,28585,370,237933,105189,145571,18198,1416.09,1565.49,29140.45,0.03,620.16,0.15,5697.74,9.3
福建,3,2024,36,29146,359,244993,110135,153271,18933,1575.85,1729.38,32205.68,0.03,649.76,0.15,6053,10.09
甘肃,4,2012,18,25631,335,112296,34896,37202,5588,177.08,164.06,11920.56,0.11,292.9,0.13,1725.36,8.17
甘肃,4,2013,16,25514,718,116064,36483,40954,5814,210.85,207.07,12392.96,0.14,318.82,0.18,2006.89,8.52
甘肃,4,2014,17,25254,2082,122412,38626,45472,6056,235.55,225.79,12328.7,0.1,338.61,0.2,2199.13,8.64
甘肃,4,2015,17,25459,1774,127743,40145,47782,6107,258.22,255.24,12530.78,0.11,351.85,0.2,2516.1,7.22
甘肃,4,2016,17,25791,1844,134346,42793,50530,6222,297.35,289.53,13042.06,0.1,400.2,0.2,2889.18,8.49
甘肃,4,2017,17,26579,1639,146613,45395,58444,6485,334.94,328.55,13458.01,0.11,437.46,0.2,3095.17,8.9
甘肃,4,2018,17,25785,1394,162737,48150,64276,6981,374.34,380.9,13245.93,0.08,487.22,0.1,3303.72,9.17
甘肃,4,2019,19,24761,1124,181172,50220,79468,7495,435.26,479.19,12688.84,0.07,520.12,0.1,3527.34,9.98
甘肃,4,2020,30,24597,867,171866,50945,81363,7455,383.47,447.93,11044.1,0.07,431.26,0.15,3750.96,10.78
甘肃,4,2021,34,24373,652,183166,57995,91701,46559,518.82,593.71,11520.41,0.09,445.1,0.18,3974.58,11.59
甘肃,4,2022,38,24149,437,194466,65045,102039,85663,654.18,739.49,10136.72,0.11,458.95,0.21,4198.2,12.39
甘肃,4,2023,42,23925,222,205766,72095,112377,124767,789.54,885.27,12173.03,0.13,472.8,0.24,4421.82,13.19
甘肃,4,2024,46,23701,7,217066,79145,122715,163871,924.9,1031.05,13349.34,0.15,486.65,0.27,4645.44,13.99
广东,5,2012,78,44585,661,355274,159428,199534,33910,1587.31,1395.82,71491.8,0.03,1215.8,0.4,2062.77,4.99
广东,5,2013,83,44470,1965,378367,170171,217629,35570,1813.84,1611.56,75779.44,0.03,1297.56,0.49,2366.42,5.01
广东,5,2014,91,44675,1978,405751,176112,233483,36548,2056.49,1851.28,78094.77,0.02,1392.84,0.5,2641.11,5
广东,5,2015,100,45013,1831,435666,186807,254098,37621,2260.84,2071.23,78526.09,0.03,1441.45,0.5,3043.29,4.98
广东,5,2016,108,46033,1544,465142,199457,283793,39311,2550.35,2357.75,81200.67,0.03,1546.88,0.5,3812.46,4.95
广东,5,2017,115,47071,1215,492064,212657,307664,40298,2837.14,2650.45,83620.22,0.03,1634.62,0.5,4135.76,5.14
广东,5,2018,122,48684,1058,516929,229165,334551,41785,3196.52,2982.24,84530.26,0.03,1710.12,0.5,4581.96,5.59
广东,5,2019,120,51064,1018,545196,243564,356330,43374,3685.02,4153.43,89179.77,0.03,1815.95,0.5,5317.6,6.63
广东,5,2020,122,53069,897,564773,256800,374457,44512,3532.75,4279.23,72639.5,0.04,1564.3,0.57,4059.58,7.66
广东,5,2021,130,55139,788,588964,270948,401698,46559,4227.5,4966.72,81669.44,0.03,1729.35,0.52,2801.56,8.7
广东,5,2022,138,57209,679,613155,285096,428939,48606,4922.25,5654.21,80699.38,0.02,1894.39,0.47,1543.54,9.74
广东,5,2023,146,59279,570,637346,299244,456180,50653,5617,6341.7,90629.33,0.01,2059.43,0.42,285.52,10.78
广东,5,2024,154,61349,461,661537,313392,483421,52700,6311.75,7029.19,96559.27,0,2224.47,0.37,972.5,11.82
广西,6,2012,41,33257,387,168691,61340,85515,11893,437.64,390.68,23189.2,0.03,699.52,0.34,1671.24,6.33
广西,6,2013,42,32117,1288,187216,65219,94814,13154,533.5,480.25,24969.88,0.03,818.75,0.32,1795.64,6.61
广西,6,2014,43,32497,1646,201600,68419,103955,14353,602.98,539.3,24932.61,0.03,832.78,0.3,1910.1,5.77
广西,6,2015,42,32216,1657,214485,73379,113202,15730,656.01,607.24,25188.36,0.03,831.15,0.4,2103.71,6.44
广西,6,2016,43,32020,1650,224471,77826,122602,16693,727.39,674.45,25423.36,0.03,860.36,0.4,2557.03,6.59
广西,6,2017,45,32034,1353,241140,82249,131693,17405,821.6,762.69,26103.06,0.03,901.03,0.4,2851.55,7.21
广西,6,2018,46,31826,1257,255940,86541,140412,18343,918.09,852.91,25574.26,0.04,932.02,0.4,3278.54,7.86
广西,6,2019,50,31853,1109,277357,93954,152390,19136,1085.8,1148.91,26131.17,0.03,1046.44,0.3,3363.52,9.82
广西,6,2020,51,32149,942,295562,102833,167487,20192,1095.96,1232.19,23182.14,0.04,998.29,0.37,3739.2,11.77
广西,6,2021,58,32643,599,319045,109429,182407,21721,1204.89,1353.25,25569.64,0.04,1067.63,0.34,3533.48,13.72
广西,6,2022,65,33137,256,342528,116025,197327,23250,1313.81,1474.31,26357.14,0.04,1136.97,0.31,3618.46,15.68
广西,6,2023,72,33631,-87,366011,122621,212247,24779,1422.73,1595.37,26244.64,0.04,1206.31,0.28,3703.44,17.64
广西,6,2024,79,34125,-430,389494,129217,227167,26308,1531.65,1716.43,26232.14,0.04,1275.65,0.25,3788.42,19.6
贵州,7,2012,24,26264,340,139211,39528,48646,5448,256.96,220.31,11515.13,0.05,563.32,0.12,1378.38,5.57
贵州,7,2013,27,26657,1498,166724,44169,58666,6336,333.85,287.42,12662.41,0.04,653.52,0.15,1577.7,5.68
贵州,7,2014,28,26432,1464,182189,45649,67204,6912,379.29,340.38,13016.03,0.04,640.14,0.2,1846.75,5.08
贵州,7,2015,27,26175,1318,196422,50401,76032,7600,419.61,384.12,13201.16,0.04,633.88,0.2,2136.78,6.13
贵州,7,2016,29,26172,597,210279,55371,85993,8128,479.01,450.44,13844.5,0.05,661.93,0.2,2472.37,5.61
贵州,7,2017,29,26378,356,232990,60382,97970,8762,547.53,522.56,15241.79,0.05,732.78,0.2,2916.38,5.9
贵州,7,2018,29,26374,343,245639,65264,109127,9434,615.79,583.46,16358.62,0.05,815.25,0.2,3352.12,6.45
贵州,7,2019,31,26806,327,264986,71572,121386,10070,709.61,779.18,17579.73,0.04,860.1,0.2,3838.96,8.63
贵州,7,2020,31,27138,322,276379,77136,131472,10505,741.12,806.19,16209.25,0.04,781.37,0.18,3863.05,10.81
贵州,7,2021,32,27465,328,296902,84453,141650,11510,802.98,926.94,18087.8,0.04,844.94,0.18,3887.14,13
贵州,7,2022,33,27792,334,317425,91770,151828,12515,864.84,1047.7,19266.35,0.04,908.51,0.18,3911.23,15.18
贵州,7,2023,34,28119,340,337948,99087,162006,13520,926.7,1168.46,20944.9,0.04,972.08,0.18,3935.32,17.36
贵州,7,2024,35,28446,346,358471,106404,172184,14525,988.56,1289.22,22623.45,0.04,1035.65,0.18,3959.41,19.54
海南,8,2012,9,4839,107,30289,12244,19432,2354,93.75,87.84,3904.07,0.05,84.15,0.15,2034.02,6.39
海南,8,2013,10,4689,122,32100,13301,20892,2539,109.68,104.23,4247.85,0.04,90.95,0.22,2067.69,6.76
海南,8,2014,10,4754,121,34466,14122,22383,2685,118.85,115.25,4531.25,0.19,97.1,0.3,2442.5,5.21
海南,8,2015,9,4714,119,38698,15346,24662,2831,133.5,131.36,4640.87,0.04,104.61,0.3,2883.25,5.76
海南,8,2016,10,4805,119,40324,16271,26495,2931,150.47,146.37,4865.75,0.03,110.04,0.3,3306.78,7.28
海南,8,2017,10,4846,117,41954,17268,28382,2973,167.49,168.56,4961.64,0.03,116.47,0.3,3991.16,7.13
海南,8,2018,14,4981,119,44800,18732,29959,3086,179.92,180.35,5078.55,0.03,119.41,0.3,4307.91,7.12
海南,8,2019,13,5057,105,49764,20271,32062,3220,210.58,242.31,5252.63,0.03,128.94,0.3,4810.05,6.67
海南,8,2020,16,5733,106,58474,23145,35188,3413,215.49,299.04,5316.63,0.04,116.11,0.28,5233.33,6.21
海南,8,2021,16,5881,111,61408,25362,38410,3544,254.57,303.88,5055.02,0.04,128.19,0.27,5656.61,5.76
海南,8,2022,16,6029,116,64342,27579,41632,3675,293.65,308.71,5493.41,0.04,140.27,0.26,6079.89,5.3
海南,8,2023,16,6177,121,67276,29796,44854,3806,332.73,313.54,5531.8,0.04,152.35,0.25,6503.17,4.84
海南,8,2024,16,6325,126,70210,32013,48076,3937,371.81,318.37,5770.19,0.04,164.43,0.24,6926.45,4.38
河北,9,2012,37,77177,597,284359,108771,101988,14040,665.36,545.51,36791.62,0.18,869.6,0.2,1712.66,8.52
河北,9,2013,38,75178,1689,303497,114550,111526,14415,767.84,650.91,39309.39,0.18,922.53,0.24,2026.92,8.89
河北,9,2014,38,75623,1657,322909,121014,121845,14975,879.91,746.57,41289.41,0.17,980.64,0.3,2228.95,9.17
河北,9,2015,39,75562,1264,342096,128786,132837,15657,955.16,845.21,42134.08,0.18,991.32,0.3,2507.1,8.56
河北,9,2016,44,76003,1089,360485,137687,143432,16418,1111.57,977.01,43494.3,0.16,1117.72,0.3,2710.58,9.1
河北,9,2017,45,78207,801,395036,149885,158383,17542,1255.71,1113.51,43213.79,0.15,1175.19,0.3,2921.86,8.57
河北,9,2018,46,82236,684,421916,164733,172863,18841,1408.77,1252.69,43137.25,0.17,1215.23,0.3,3561.06,9.02
河北,9,2019,48,81790,662,430079,173531,185025,19224,1560.47,1592.93,43227.9,0.15,1192.33,0.3,3872.42,9.46
河北,9,2020,52,83972,641,441962,185229,201377,19818,1540.26,1691.1,38179.63,0.18,1031.11,0.35,4111.38,9.89
河北,9,2021,51,85029,644,454994,197945,225019,21179,1768.95,1871.26,39874.71,0.18,1024.98,0.4,4350.34,10.32
河北,9,2022,50,86086,647,468026,210661,248661,22540,1997.65,2051.42,38769.79,0.18,1018.86,0.45,4589.3,10.75
河北,9,2023,49,87143,650,481058,223377,272303,23901,2226.35,2231.58,50464.87,0.18,1012.74,0.5,4828.26,11.18
河北,9,2024,48,88200,653,494090,236093,295945,25262,2455.05,2411.74,57149.95,0.18,1006.62,0.55,5067.22,11.61
河南,10,2012,46,67252,581,393993,116270,156041,21401,816.88,705.57,49655.24,0.09,1273.14,0.16,1613.47,7.92
河南,10,2013,46,67281,2472,429810,126036,176534,22882,968.91,851.92,51860.44,0.09,1327.4,0.19,1791.68,6.68
河南,10,2014,46,66952,2478,459338,134405,191117,23963,1149.79,1002.66,54963.06,0.08,1447.1,0.2,1991.07,8.11
河南,10,2015,49,67092,2471,489621,143010,205366,24950,1256.49,1119.05,55552.95,0.08,1501.6,0.2,2382.38,8.25
河南,10,2016,51,67174,2223,521546,152056,222123,25904,1404.83,1247.2,57776.99,0.18,1601.82,0.2,2594.03,8.52
河南,10,2017,53,67307,1897,558998,165802,241571,26792,1621.64,1459.95,58520.14,0.09,1745.31,0.2,2874.43,8.71
河南,10,2018,59,67730,1589,608519,180402,263100,27765,1884.27,1730.59,58542.77,0.08,1916.43,0.2,3227.66,8.8
河南,10,2019,62,67561,1013,640147,191795,278891,28312,2176.85,2216.71,61020.29,0.08,2021.72,0.2,3743.57,10.57
河南,10,2020,68,71339,909,667156,211830,304335,29595,2222.31,2301.22,57364.59,0.1,1829.42,0.24,3954.93,12.34
河南,10,2021,72,75174,791,721329,228705,328077,31940,2505.95,2649.05,61873.22,0.1,1914.89,0.26,4166.29,14.11
河南,10,2022,76,79009,673,775502,245580,351819,34285,2789.6,2996.89,61431.85,0.1,2000.36,0.28,4377.65,15.87
河南,10,2023,80,82844,555,829675,262455,375561,36630,3073.25,3344.73,68440.48,0.1,2085.83,0.3,4589.01,17.63
河南,10,2024,84,86679,437,883848,279330,399303,38975,3356.9,3692.57,68729.12,0.1,2171.3,0.32,4800.37,19.39
黑龙江,11,2012,61,19470,634,178210,66821,70073,11141,393.89,347.56,11528.58,0.12,420.09,0.71,2148.47,9.53
黑龙江,11,2013,59,18883,1433,189183,68154,73974,11455,454.35,416.06,12094.09,0.11,471.22,0.79,2525.77,10.2
黑龙江,11,2014,62,18725,1443,201337,68892,77720,11390,499.22,450.83,12084.46,0.11,489.57,0.9,2588.44,10.36
黑龙江,11,2015,63,18386,1301,212590,70428,80955,11479,548.32,517.08,11474.85,0.13,514.94,1,2736.56,10.08
黑龙江,11,2016,65,18256,1037,220054,72084,85418,11550,615.67,585.49,11890.82,0.17,564.14,1,3133.43,11.89
黑龙江,11,2017,69,18398,746,241732,75558,90446,11431,662.06,625.58,11790.66,0.4,604.73,0.9,3542.76,11.89
黑龙江,11,2018,68,18460,736,250129,76443,93068,11354,674.78,639.58,11177.98,0.14,585.19,1,3728.4,11.81
黑龙江,11,2019,73,18478,704,262575,79491,97640,11294,751.34,827.58,11250.89,0.16,604.74,1,4027.08,13.75
黑龙江,11,2020,73,18653,626,253345,82025,102278,11066,574.18,726.83,8500.33,0.18,358.11,1.35,5578.38,15.69
黑龙江,11,2021,73,18772,548,260536,83220,107095,11082,745.35,909.63,9644.11,0.16,442.11,1.19,7129.68,17.64
黑龙江,11,2022,73,18891,470,267727,84415,111912,11098,916.52,1092.44,9587.89,0.14,526.11,1.03,8680.98,19.58
黑龙江,11,2023,73,19010,392,274918,85610,116729,11114,1087.69,1275.25,12031.67,0.12,610.11,0.87,10232.28,21.52
黑龙江,11,2024,73,19129,314,282109,86805,121546,11130,1258.86,1458.06,12515.45,0.1,694.11,0.71,11783.58,23.46
湖北,12,2012,49,34063,438,252991,90105,115745,17377,678.65,560.57,30579.12,0.06,862.08,0.29,1892.99,7.45
湖北,12,2013,55,34042,779,288169,96540,127871,17652,784.02,664.26,32059.73,0.07,952.36,0.32,2123.1,8.02
湖北,12,2014,64,34503,696,317500,103905,144109,17837,927.29,806.55,34475.18,0.07,1053.45,0.3,2396.66,7.53
湖北,12,2015,73,34563,578,343147,112243,165077,18222,1030.48,912.17,34839.4,0.06,1107.52,0.4,2818.49,8.26
湖北,12,2016,72,34703,557,360558,117036,174918,18508,1143.36,1025.4,35479.08,0.07,1197.57,0.4,3270.56,8.81
湖北,12,2017,69,34756,534,376185,122070,184283,18663,1267.51,1164.25,35601.84,0.06,1279.86,0.4,3698.89,9.7
湖北,12,2018,70,34912,504,393514,126644,190858,18659,1402.06,1276.24,35149.46,0.06,1319.39,0.4,3951.21,10.95
湖北,12,2019,73,33919,491,403300,128460,194217,18618,1607.47,1657.27,35382.58,0.06,1368.76,0.3,4354.57,10.52
湖北,12,2020,73,33852,479,411351,134153,200020,18719,1374.91,1664.61,29456,0.09,1025.99,0.49,5973.48,10.09
湖北,12,2021,74,34823,459,433965,143673,214644,19291,1730.1,1895.58,34398.36,0.07,1214.65,0.38,7592.39,9.67
湖北,12,2022,75,35794,439,456579,153193,229268,19863,2085.28,2126.55,34340.72,0.05,1403.32,0.27,9211.3,9.24
湖北,12,2023,76,36765,419,479193,162713,243892,20435,2440.46,2357.52,36823.08,0.03,1591.99,0.16,10830.21,8.81
湖北,12,2024,77,37736,399,501807,172233,258516,21007,2795.64,2588.49,38625.44,0.01,1780.66,0.05,12449.12,8.38
湖南,13,2012,31,57177,528,287013,86469,112906,19639,662.24,561.94,22899.94,0.03,1053.42,0.12,1620.26,6.39
湖南,13,2013,35,58519,2612,314090,93980,125696,20126,776.96,681.96,24437.58,0.03,1160.75,0.13,1953.09,6.91
湖南,13,2014,42,57637,2810,355485,99058,136247,20321,889.06,776.88,25050.65,0.03,1226.63,0.1,2168.01,7.63
湖南,13,2015,42,58586,2778,396950,112352,149345,20388,987.8,890.13,25696.13,0.03,1304.12,0.1,2402.06,7.24
湖南,13,2016,43,58245,1493,425757,122423,161531,20684,1111.71,1014.95,26430.84,0.07,1400.93,0.1,2820.97,6.92
湖南,13,2017,47,56302,961,452335,132578,172580,20523,1248.5,1140.59,27058.41,0.03,1473.54,0.1,3130.08,7.33
湖南,13,2018,50,53788,851,482439,139366,184012,21006,1359.85,1240.04,26927.41,0.03,1537.32,0.1,3601.22,8.26
湖南,13,2019,52,54859,694,506330,147271,240515,21212,1538.68,1595.97,28098.1,0.03,1616.18,0.1,4006.25,9.59
湖南,13,2020,56,53793,538,519902,148605,235149,21495,1505.72,1644.3,26722.69,0.03,1486.71,0.15,4331.86,10.91
湖南,13,2021,57,53354,539,532668,152842,239222,22387,1686.03,1850.74,30125.51,0.03,1509.97,0.17,4657.47,12.24
湖南,13,2022,58,52915,540,545434,157079,243295,23279,1866.33,2057.17,34428.33,0.03,1533.22,0.19,4983.08,13.57
湖南,13,2023,59,52476,541,558200,161316,247368,24171,2046.63,2263.6,40431.15,0.03,1556.47,0.21,5308.69,14.9
湖南,13,2024,60,52037,542,570966,165553,251441,25063,2226.93,2470.03,39633.97,0.03,1579.72,0.23,5634.3,16.23
吉林,14,2012,25,18804,274,127756,53949,50975,7964,292.93,268.48,9742.81,0.11,302.45,0.66,2355.87,9.73
吉林,14,2013,27,18968,293,133245,54450,52715,7924,331.19,305.99,10204.59,0.1,307.72,0.83,2779.78,11
吉林,14,2014,27,18856,348,140995,55377,57433,7794,386.45,355.86,10634.94,0.1,335.52,0.9,2806.76,11.41
吉林,14,2015,28,19409,432,144500,59074,60719,7903,411.68,386.46,10469.23,0.1,341.44,1,3025.98,11.25
吉林,14,2016,29,19589,428,151195,61269,65749,7933,458.67,432.52,10760.76,0.1,368.83,1,3501.19,11.15
吉林,14,2017,30,19647,404,153657,61810,67149,7899,499.89,480.37,10843.29,0.1,383.34,1,3707.67,11.47
吉林,14,2018,31,21371,406,166994,67329,76241,8149,558.73,531.3,11040.65,0.11,404.44,1,4072.93,11.75
吉林,14,2019,30,20917,377,170332,68154,79315,8094,616.53,692.09,11041.96,0.12,402.28,1,4356.76,12.23
吉林,14,2020,30,24424,314,173123,73713,95420,8717,551.92,681.1,9278.54,0.17,306.67,1.19,4878.73,12.71
吉林,14,2021,31,24155,285,176546,75430,97803,8894,729.82,790.7,10460.28,0.15,348.37,1.07,5400.7,13.19
吉林,14,2022,32,23886,256,179969,77147,100186,9071,907.73,900.3,9142.02,0.13,390.07,0.95,5922.67,13.67
吉林,14,2023,33,23617,227,183392,78864,102569,9248,1085.64,1009.9,11323.76,0.11,431.77,0.83,6444.64,14.15
吉林,14,2024,34,23348,198,186815,80581,104952,9425,1263.55,1119.5,12705.5,0.09,473.47,0.71,6966.61,14.63
江苏,15,2012,51,28888,505,333118,134800,155247,23308,1283.68,1153.75,45054.65,0.04,952.9,0.17,2388.92,6.46
江苏,15,2013,58,28815,466,368287,143611,174158,24226,1483.68,1349.9,49440.12,0.04,1053.69,0.17,2787.57,6.37
江苏,15,2014,61,28921,1290,392293,149651,188767,25521,1701.3,1550.8,52578.58,0.04,1152.04,0.2,3322.4,6.38
江苏,15,2015,59,28841,1244,413612,157369,203998,26454,1877.11,1742.86,54579.16,0.04,1217.58,0.2,3729.07,6.98
江苏,15,2016,69,29099,1059,443060,169889,221168,27757,2051.94,1948.46,55194.92,0.04,1308.96,0.2,4200.21,7.09
江苏,15,2017,68,29118,911,469182,181276,236906,28839,2265.31,2169.51,58433.7,0.04,1418.04,0.2,4597.18,6.79
江苏,15,2018,71,30295,808,491512,193878,260422,30184,2493.8,2407.96,59442.11,0.04,1449.41,0.2,5012.01,6.85
江苏,15,2019,74,31821,685,516015,211174,279836,31483,2813.5,3039.94,61721.65,0.04,1528.21,0.2,5525.61,8.35
江苏,15,2020,82,32703,658,535006,224031,294159,32590,2726.8,3132.73,53355.52,0.05,1356.59,0.19,5800.56,9.85
江苏,15,2021,80,33387,619,548560,230820,308650,34323,3105.04,3573.55,56976.24,0.05,1415.7,0.2,6075.51,11.35
江苏,15,2022,78,34071,580,562114,237609,323141,36056,3483.29,4014.37,56196.96,0.05,1474.81,0.21,6350.46,12.85
江苏,15,2023,76,34755,541,575668,244398,337632,37789,3861.54,4455.19,64217.68,0.05,1533.92,0.22,6625.41,14.35
江苏,15,2024,74,35439,502,589222,251187,352123,39522,4239.79,4896.01,68538.41,0.05,1593.03,0.23,6900.36,15.85
江西,16,2012,42,38369,512,163721,56444,72055,13013,364.82,322.51,18972.42,0.03,657.87,0.13,1461.47,6.02
江西,16,2013,43,37425,823,174299,58841,78209,13418,420.55,377,19852.69,0.03,688.66,0.13,1632.17,5.87
江西,16,2014,44,37372,827,186727,62050,84140,13700,491.58,446.48,21087.1,0.03,696.65,0.2,1871.65,5.51
江西,16,2015,45,37066,812,197837,63704,89579,14021,546.98,504.23,20838.31,0.04,712.08,0.2,2143.54,5.67
江西,16,2016,44,36784,794,209097,66016,95519,14246,619.46,575.04,21341.17,0.03,745.47,0.2,2374.79,5.6
江西,16,2017,47,36311,744,234047,70083,104109,14549,684.9,636.87,21605.15,0.04,827.76,0.2,2717.89,5.73
江西,16,2018,49,35020,739,249490,73290,110855,14716,788.01,724.62,21232.29,0.04,865.54,0.2,3170.63,6.05
江西,16,2019,53,35398,742,267135,80423,120413,15265,909.8,967.97,23627.74,0.04,884.37,0.2,3573.89,7.17
江西,16,2020,53,35214,564,285847,86726,129251,15723,931.95,1033.96,21994.72,0.04,806.64,0.21,3973.35,8.28
江西,16,2021,53,35216,513,307292,93000,139922,17530,1102.24,1241.56,22864.6,0.03,861.65,0.21,4372.81,9.39
江西,16,2022,53,35218,462,328737,99274,150593,19337,1272.52,1449.15,23334.48,0.02,916.65,0.21,4772.27,10.51
江西,16,2023,53,35220,411,350182,105548,161264,21144,1442.8,1656.74,25604.36,0.01,971.65,0.21,5171.73,11.63
江西,16,2024,53,35222,360,371627,111822,171935,22951,1613.08,1864.33,27614.24,0,1026.65,0.21,5571.19,12.75
辽宁,17,2012,50,34249,497,230962,89892,98036,13273,569.08,502.67,17525.5,0.14,550.44,0.72,2305.68,8.37
辽宁,17,2013,58,33521,1035,241860,92308,103409,13427,644.31,575.69,17838.07,0.13,595.09,0.79,2680.59,8.23
辽宁,17,2014,62,33297,1031,255513,91213,105828,13214,722.1,630.65,18451.3,0.13,635.15,0.8,3028.54,8.47
辽宁,17,2015,61,33105,955,266986,94231,110976,13272,787.75,707.66,18550.98,0.12,646.36,0.9,3221.86,9.38
辽宁,17,2016,64,33931,854,284384,98985,119147,13463,873.26,787.56,19294.19,0.12,692.57,0.9,3390.89,9.29
辽宁,17,2017,64,33540,775,298609,104323,127445,13806,938.94,849.81,20042.27,0.13,735.12,0.9,3675.32,9.88
辽宁,17,2018,66,33777,672,314440,108499,134492,13811,1018.37,916.46,19869.02,0.13,741.68,0.9,3966.09,10.04
辽宁,17,2019,65,32275,456,313847,111710,139098,13860,1110.31,1128.04,19987.55,0.13,708.29,1,4160.65,11.39
辽宁,17,2020,65,32174,466,314488,113955,142745,13657,1018.02,1110.02,16299.17,0.16,575.83,1.12,4486.87,12.73
辽宁,17,2021,66,30919,539,324528,119022,152697,13907,1204.3,1280.43,16727.62,0.14,614.21,1.13,4813.09,14.08
辽宁,17,2022,67,29664,612,334568,124089,162649,14157,1390.58,1450.85,15856.07,0.12,652.59,1.14,5139.31,15.43
辽宁,17,2023,68,28409,685,344608,129156,172601,14407,1576.86,1621.27,19414.52,0.1,690.97,1.15,5465.53,16.78
辽宁,17,2024,69,27154,758,354648,134223,182553,14657,1763.14,1791.69,21212.97,0.08,729.35,1.16,5791.75,18.13
内蒙古,18,2012,16,22009,447,110788,50100,46774,9496,247.48,230.7,9334.09,0.13,258.63,0.36,2486.17,8.29
内蒙古,18,2013,19,21984,629,120065,52500,52358,9546,285,267.23,9882.85,0.1,283.62,0.43,2798.11,8.06
内蒙古,18,2014,17,22053,660,129011,52624,56723,9668,320.76,305.54,10033.63,0.11,300.47,0.5,2842.54,8.39
内蒙古,18,2015,19,22421,664,133889,54862,61223,10271,337.42,340.94,10024.85,0.11,295.91,0.6,3302.78,8.38
内蒙古,18,2016,23,22606,600,139236,56996,66445,10429,381.3,386.68,10340.42,0.13,329.48,0.6,3599.67,8.28
内蒙古,18,2017,24,22868,508,150325,60459,71866,10827,412.74,427.53,10442.05,0.13,363.61,0.6,3995.95,8.85
内蒙古,18,2018,33,23235,488,159006,63270,76435,10968,464.31,473.52,10548.11,0.14,384.89,0.6,4272.88,8.92
内蒙古,18,2019,39,23238,466,161083,66189,80434,11116,490.68,597.66,10701.2,0.13,362.53,0.6,4604.72,10.45
内蒙古,18,2020,41,23277,434,162072,68672,83443,11224,449.42,591.97,9612.34,0.16,294.3,0.77,5271.21,11.98
内蒙古,18,2021,42,23684,400,166598,71988,88938,11619,511.3,658.32,10291.33,0.15,311.75,0.72,5937.7,13.52
内蒙古,18,2022,43,24091,366,171124,75304,94433,12014,573.18,724.67,9940.32,0.14,329.2,0.67,6604.19,15.05
内蒙古,18,2023,44,24498,332,175650,78620,99928,12409,635.06,791.02,11849.31,0.13,346.65,0.62,7270.68,16.58
内蒙古,18,2024,45,24905,298,180176,81936,105423,12804,696.94,857.37,12628.3,0.12,364.1,0.57,7937.17,18.11
宁夏,19,2012,3,3904,83,27765,11518,12504,2108,67.63,63.14,3115.17,0.14,82,0.18,2085.87,8.07
宁夏,19,2013,3,3898,165,31134,12663,13978,2300,85.34,82.45,3338.53,0.14,90.71,0.24,2568.91,8.01
宁夏,19,2014,3,3918,166,32506,13328,15096,2376,101.2,98.11,3562.08,0.13,96.44,0.3,3125.39,8.53
宁夏,19,2015,4,3981,129,33804,14200,16135,2543,110.26,110.41,3576.99,0.12,97.96,0.2,3411.75,9.94
宁夏,19,2016,6,3968,85,36313,15336,18069,2722,125.05,126.38,3832.2,0.11,106.72,0.2,3730.5,10.74
宁夏,19,2017,6,3966,86,39820,16208,21568,2976,134.95,133.27,4008.58,0.13,117.63,0.2,4383.5,9.88
宁夏,19,2018,6,4121,88,41005,17092,23277,3217,143.09,142.25,4145.67,0.11,120.81,0.2,4992.64,10.16
宁夏,19,2019,6,4077,90,40971,18052,24307,3275,165.34,197.82,4358.32,0.1,123.32,0.2,4909.75,10.64
宁夏,19,2020,6,4247,94,41261,19343,25972,3250,155.82,196.19,3962.89,0.11,106.89,0.23,5244.28,11.12
宁夏,19,2021,6,4242,95,41191,19722,27255,3345,167.84,217.95,4116.72,0.11,108.09,0.26,5578.81,11.6
宁夏,19,2022,6,4237,96,41121,20101,28538,3440,179.86,239.7,4170.55,0.11,109.3,0.29,5913.34,12.09
宁夏,19,2023,6,4232,97,41051,20480,29821,3535,191.88,261.45,5124.38,0.11,110.51,0.32,6247.87,12.58
宁夏,19,2024,6,4227,98,40981,20859,31104,3630,203.9,283.2,5718.21,0.11,111.72,0.35,6582.4,13.07
青海,20,2012,9,5658,145,26018,10162,10026,1550,54.94,51.46,2134.07,0.17,75.96,0.26,2485.95,7.5
青海,20,2013,10,5701,170,29529,11332,11492,1675,68.35,67.28,2203.53,0.23,82.33,0.24,2813.15,8.06
青海,20,2014,10,5878,174,33007,10954,12750,1729,76.96,73.4,2253.42,0.28,86.48,0.2,3004.89,7.6
青海,20,2015,10,5860,178,34546,11572,13194,1753,83.44,83.58,2281.71,0.26,84.13,0.2,3667.8,8.39
青海,20,2016,10,5908,180,34749,11757,14364,1915,93.08,96.61,2356.63,0.24,91.18,0.2,4043.05,9.54
青海,20,2017,10,5980,179,38321,13193,16475,2077,101.96,109.02,2545.48,0.18,97.34,0.3,4513.49,10.07
青海,20,2018,10,5994,178,39146,13725,17577,2355,111.09,123.34,2533.59,0.19,98.53,0.3,5107.2,10.26
青海,20,2019,10,6114,176,41443,14692,18910,2464,130.95,162.69,2659.36,0.18,105.98,0.2,5843.23,11.37
青海,20,2020,10,6018,172,41285,15400,19678,2528,127.83,180.31,2400.3,0.14,101,0.28,6450.25,12.48
青海,20,2021,10,6011,173,42153,15796,21349,2570,141.02,188.75,2651.05,0.14,98.17,0.35,7057.27,13.59
青海,20,2022,10,6004,174,43021,16192,23020,2612,154.22,197.18,2401.8,0.14,95.34,0.42,7664.29,14.7
青海,20,2023,10,5997,175,43889,16588,24691,2654,167.42,205.61,2942.55,0.14,92.51,0.49,8271.31,15.81
青海,20,2024,10,5990,176,44757,16984,26362,2696,180.62,214.04,3003.3,0.14,89.68,0.56,8878.33,16.92
山东,21,2012,46,66462,677,473768,168111,191721,30315,1146.11,983.31,58264.69,0.18,1397.48,0.25,1991.65,7.07
山东,21,2013,52,72108,1338,489737,194948,240078,31038,1302.45,1155.29,62207.9,0.18,1414.84,0.31,2307.49,7.27
山东,21,2014,61,72834,2108,500631,195791,245711,31741,1532,1332.94,63126.62,0.17,1501.82,0.3,2537.6,7.54
山东,21,2015,72,73041,2086,519369,202993,254170,32304,1683.89,1530.69,61521.33,0.17,1521.76,0.4,2888.09,7.47
山东,21,2016,83,72904,1891,540994,210806,268379,33395,1939.18,1762.44,62162.96,0.16,1691.78,0.4,3372.7,8.16
山东,21,2017,94,75106,1302,584812,227649,293647,34810,2140.73,1938.79,64436.32,0.16,1825.35,0.4,3568.74,8.5
山东,21,2018,104,77614,1081,608459,245310,322750,35030,2264.52,2061.8,65561.77,0.14,1841.46,0.4,4121.35,8.71
山东,21,2019,112,79825,973,629722,259781,341379,36284,2553.71,2660.49,67464.05,0.14,1859.68,0.4,4255.88,9.03
山东,21,2020,108,81126,889,646863,271412,355651,37143,2547.72,2773.55,61328.95,0.18,1661.93,0.46,4750.85,9.36
山东,21,2021,107,82062,779,673920,282332,376542,38925,2943.78,3169.84,67152.71,0.16,1823.22,0.45,5245.82,9.69
山东,21,2022,106,82998,669,700977,293252,397433,40707,3339.84,3566.13,66736.47,0.14,1984.51,0.44,5740.79,10.01
山东,21,2023,105,83934,559,728034,304172,418324,42489,3735.9,3962.42,78200.23,0.12,2145.8,0.43,6235.76,10.33
山东,21,2024,104,84870,449,755091,315092,439215,44271,4131.96,4358.71,90323.98,0.1,2307.09,0.42,6730.73,10.65
山西,22,2012,33,38443,457,165309,73507,70337,9973,302.63,279.27,11900.67,0.18,349.06,0.18,1841.79,7.53
山西,22,2013,37,38529,462,172620,74788,74849,9942,354.32,323.76,12486.42,0.18,367.01,0.22,2018.84,7.85
山西,22,2014,37,39010,463,177442,76689,79055,10045,400.75,380.37,12767.41,0.14,391.28,0.2,2188.87,8.32
山西,22,2015,39,39196,460,183209,77314,83344,9840,413.62,394.13,12521.26,0.15,381.41,0.2,2518.82,9.3
山西,22,2016,41,40288,455,189689,79147,92112,10385,467.72,440.45,12942.39,0.14,430.08,0.2,2650.33,9.42
山西,22,2017,41,40581,455,197525,81477,96849,10445,514.5,492.88,13485.33,0.14,455.47,0.2,2938.24,9.68
山西,22,2018,42,40198,449,208305,85834,103860,10710,598.6,566.06,12962.78,0.14,496.03,0.2,3282,9.99
山西,22,2019,43,40249,445,218441,89259,108993,10887,668.07,736.49,13145.65,0.14,501.54,0.2,3465.29,11.5
山西,22,2020,43,39224,440,223650,92094,116339,11044,645.36,763.02,12300.32,0.16,427.47,0.24,4239.83,13.02
山西,22,2021,44,39101,431,228946,96227,124305,11526,712.51,900.04,13440.74,0.14,445.77,0.25,5014.37,14.53
山西,22,2022,45,38978,422,234242,100360,132271,12008,779.65,1037.07,12731.16,0.12,464.08,0.26,5788.91,16.05
山西,22,2023,46,38855,413,239538,104493,140237,12490,846.79,1174.1,14621.58,0.1,482.39,0.27,6563.45,17.57
山西,22,2024,47,38732,404,244834,108626,148203,12972,913.93,1311.13,16042,0.08,500.7,0.28,7337.99,19.09
陕西,23,2012,31,34889,387,169230,56957,79390,12133,366.31,329.19,16052.35,0.09,497.92,0.27,2292.88,8.94
陕西,23,2013,32,34118,1962,185139,60935,89551,13095,432.21,389.41,17191.66,0.1,547.37,0.26,2701.11,8.96
陕西,23,2014,32,34202,1949,199372,63214,97221,13544,502.92,445.81,17508.46,0.09,595.67,0.3,2977.53,9.31
陕西,23,2015,33,34098,1804,211885,66172,104317,13979,559.72,517.66,17501.11,0.09,625.47,0.3,3307.08,9.6
陕西,23,2016,34,34017,1390,225400,71585,116803,14815,628.13,575.33,18499.82,0.09,680.65,0.3,3535.66,10.4
陕西,23,2017,35,33808,800,241265,78249,126983,15359,707.13,653.5,19155.39,0.08,751.37,0.3,4010.09,10.96
陕西,23,2018,39,33412,613,253711,82880,138021,15754,804.33,751.06,19627.98,0.08,798.09,0.3,4508.42,11.45
陕西,23,2019,46,33619,494,265814,89326,150423,16311,916.15,990.05,20898.97,0.07,819.28,0.3,4706.8,11.35
陕西,23,2020,45,33208,463,272424,93988,155481,16470,874.94,1101.93,17664.45,0.09,675.68,0.32,5127.85,11.25
陕西,23,2021,51,33185,415,284545,97605,159406,16058,1014.72,1187.36,18704.95,0.09,728.42,0.32,5548.9,11.15
陕西,23,2022,57,33162,367,296666,101222,163331,15646,1154.5,1272.79,18145.45,0.09,781.15,0.32,5969.95,11.05
陕西,23,2023,63,33139,319,308787,104839,167256,15234,1294.28,1358.22,21745.95,0.09,833.88,0.32,6391,10.95
陕西,23,2024,69,33116,271,320908,108456,171181,14822,1434.06,1443.65,22126.45,0.09,886.61,0.32,6812.05,10.85
上海,24,2012,29,4379,101,109784,51722,63245,8281,807.81,781.96,22085.94,0.13,276.73,1.7,4588.86,5.67
上海,24,2013,36,4439,116,114314,54039,67939,8780,897.07,872.48,23406.63,0.14,291.04,1.6,5170.21,5.35
上海,24,2014,35,4489,116,117510,57425,71929,9225,1023.39,984.33,25059.71,0.12,318.55,1.5,5546.92,7.88
上海,24,2015,32,4480,116,122813,59368,75436,9498,1139.5,1121.75,25616.04,0.12,335.06,1.5,6362.02,7.32
上海,24,2016,32,4470,117,129166,61762,79373,9779,1294.67,1273.56,25931.91,0.12,366.61,1.4,7595.98,7.21
上海,24,2017,32,4574,112,134607,64196,83939,10014,1457.36,1434.18,26579.44,0.11,391.23,1.3,8630.3,7.99
上海,24,2018,32,4729,108,139029,67791,88005,10194,1585.74,1560.82,27016.88,0.11,418.36,1.3,9495.89,6.94
上海,24,2019,32,5021,106,146454,71247,92875,10379,1809.07,1959.19,27559.99,0.1,454.94,1.2,10430.53,7.69
上海,24,2020,32,5291,107,152191,74780,97151,10653,1744.67,2001.47,22564.03,0.15,375.13,1.43,10591.59,8.43
上海,24,2021,32,5656,103,160378,80241,103859,11187,2149.29,2401.69,26691.37,0.13,448.05,1.27,10752.65,9.18
上海,24,2022,32,6021,99,168565,85702,110567,11721,2553.91,2801.91,22618.71,0.11,520.97,1.11,10913.71,9.93
上海,24,2023,32,6386,95,176752,91163,117275,12255,2958.53,3202.13,26046.05,0.09,593.89,0.95,11074.77,10.68
上海,24,2024,32,6751,91,184939,96624,123983,12789,3363.15,3602.35,27733.4,0.07,666.81,0.79,11235.83,11.43
四川,25,2012,53,74215,713,390147,129605,139810,20421,873.09,771.57,42438.89,0.07,1383.11,0.43,1740.81,6.25
四川,25,2013,55,75161,2969,426635,139093,158457,21637,1019.31,909.88,43548.61,0.07,1451.85,0.41,2066.41,6.23
四川,25,2014,62,76110,2962,459596,145028,175520,22642,1170.35,1040.74,44520.6,0.07,1508.79,0.4,2305.81,6.96
四川,25,2015,63,76214,1801,488755,148776,190602,23275,1313.57,1195.62,45081.93,0.07,1546.75,0.4,2638.14,7.7
四川,25,2016,67,76619,744,519205,153601,207633,23998,1472.35,1356.83,46424.64,0.07,1655.96,0.4,3238.64,7.74
四川,25,2017,68,77487,708,563475,162709,228548,24945,1664.93,1533.97,48530.89,0.07,1824.74,0.4,3680.6,7.77
四川,25,2018,75,78427,697,598898,171277,247262,25997,1838.68,1680.77,51599.38,0.07,1835.29,0.4,3900.12,8.05
四川,25,2019,88,80500,716,631763,184960,270545,27463,2144.44,2228.32,56026.45,0.07,1981.59,0.4,4424.37,9.93
四川,25,2020,105,79491,716,649756,195334,285807,28497,2087.78,2317.18,51227.73,0.09,1756.35,0.45,4830.52,11.8
四川,25,2021,129,76875,703,662029,209833,306685,30283,2368.62,2622.21,54647.38,0.08,1863.04,0.44,5236.67,13.68
四川,25,2022,153,74259,690,674302,224332,327563,32069,2649.46,2927.24,54917.03,0.07,1969.74,0.43,5642.82,15.55
四川,25,2023,177,71643,677,686575,238831,348441,33855,2930.3,3232.27,59026.68,0.06,2076.44,0.42,6048.97,17.42
四川,25,2024,201,69027,664,698848,253330,369319,35641,3211.14,3537.3,60606.34,0.05,2183.14,0.41,6455.12,19.29
天津,26,2012,22,4095,95,53509,28200,27621,4843,331.15,301.82,9607.72,0.08,132.15,0.63,3394.9,7.9
天津,26,2013,23,4209,96,57743,29659,29715,5059,381.8,346.62,10532.71,0.09,135.91,0.62,3750.1,8.17
天津,26,2014,29,4419,145,60869,31007,31577,5193,430.65,388.52,11577.51,0.08,148.67,0.6,4291.29,7.62
天津,26,2015,31,4618,151,63693,33533,33804,5376,482.54,437.65,11880.74,0.07,150.75,0.6,4866.32,7.1
天津,26,2016,31,4844,126,65832,35435,36088,5579,524.79,478.46,12003.5,0.08,162.1,0.6,5294.21,7.44
天津,26,2017,31,4960,97,68409,38645,38205,6000,541.84,503.89,12144.66,0.08,158.11,0.7,5554.36,7.92
天津,26,2018,31,5101,96,68247,40515,39377,6127,579.4,548.23,11997.77,0.09,162.52,0.7,5698.41,8.59
天津,26,2019,31,5348,95,68262,43430,41410,6424,655.25,693.61,12288.53,0.08,169.88,0.7,6233.15,10.03
天津,26,2020,31,5258,87,68275,46206,42714,6674,614.26,720,9782.78,0.13,128.86,0.84,6545.33,11.48
天津,26,2021,33,5489,73,68681,48546,46810,7179,769.76,811.25,10853.49,0.11,162.69,0.65,6857.51,12.93
天津,26,2022,35,5720,59,69087,50886,50906,7684,925.27,902.49,10024.2,0.09,196.51,0.46,7169.69,14.38
天津,26,2023,37,5951,45,69493,53226,55002,8189,1080.78,993.73,11934.91,0.07,230.33,0.27,7481.87,15.83
天津,26,2024,39,6182,31,69899,55566,59098,8694,1236.29,1084.97,12325.62,0.05,264.15,0.08,7794.05,17.28
西藏,27,2012,2,6412,142,8352,2897,1732,428,10,12.47,1012.37,0.05,14.55,0.07,2079.51,3.73
西藏,27,2013,2,6479,138,11003,3658,2397,540,15.91,13.16,1178.43,0.05,19.47,0.05,2366,3.89
西藏,27,2014,2,6542,139,11929,3987,2715,593,18.93,18.46,1313.1,0.03,22.93,0.2,2580.03,4.36
西藏,27,2015,2,6531,142,14013,4395,3190,636,24.9,19.19,1376.17,0.08,28.99,0.1,3208.66,3.14
西藏,27,2016,2,6546,142,14456,4791,3833,654,30.08,29.12,1394.2,0.04,34.38,0.2,3780.94,2.97
西藏,27,2017,3,6533,143,16103,5720,4460,783,34.58,30.15,1599.56,0.05,33.2,0.2,4131.04,2.89
西藏,27,2018,7,6539,145,16787,6230,5573,866,39.84,35.94,1640.8,0.04,31.06,0.2,4881.82,2.83
西藏,27,2019,9,6635,147,17063,7134,5986,987,45.68,53.43,1634.29,0.06,30.56,0.2,5395.01,3.88
西藏,27,2020,9,6632,134,18586,7367,6843,1082,51.25,76.4,1628.31,0.18,33.11,0.13,5765.42,4.93
西藏,27,2021,11,6600,127,19650,8304,7795,1196,56.58,88.12,1620.51,0.04,32.18,0.2,6135.83,5.98
西藏,27,2022,13,6568,120,20714,9241,8747,1310,61.92,99.84,1412.71,-0.1,31.24,0.27,6506.24,7.02
西藏,27,2023,15,6536,113,21778,10178,9699,1424,67.26,111.56,1604.91,-0.24,30.3,0.34,6876.65,8.06
西藏,27,2024,17,6504,106,22842,11115,10651,1538,72.6,123.28,1707.11,-0.38,29.36,0.41,7247.06,9.1
新疆,28,2012,13,16970,506,131592,41358,52449,6557,280.49,262.9,8386.56,0.17,447.78,0.23,2536.29,7.94
新疆,28,2013,15,17190,605,137325,43582,56578,6923,320.33,305.13,9381.95,0.13,464.05,0.29,2945.97,7.67
新疆,28,2014,16,17178,801,142956,44999,59792,7254,360.11,343.41,9978.97,0.14,490.83,0.3,3266.62,8.32
新疆,28,2015,23,17075,802,150263,47226,63870,7543,395.8,394.93,10333.27,0.15,512.15,0.3,3691,8.1
新疆,28,2016,31,17124,775,156912,49517,67624,8111,441.97,444.67,10923.03,0.14,535.11,0.4,4012.89,8.29
新疆,28,2017,34,17059,737,167577,51037,70566,8028,482.13,478.08,11241.97,0.14,548.15,0.3,4453.89,9.43
新疆,28,2018,43,16833,697,178881,51912,72347,8064,507.3,495.45,10719.21,0.18,543.23,0.4,4843.23,9.64
新疆,28,2019,45,16851,591,186426,55990,77306,8273,609.56,705.88,12031.98,0.19,589.69,0.4,4844.05,9.9
新疆,28,2020,47,16671,556,181455,57318,80681,8365,528.09,771.32,10699.6,0.16,436.93,0.47,5841.48,10.17
新疆,28,2021,47,15528,499,186127,58674,85369,8729,606.38,882.63,10478.48,0.22,465.12,0.46,6838.91,10.43
新疆,28,2022,47,14385,442,190799,60030,90057,9093,684.68,993.94,9647.36,0.28,493.31,0.45,7836.34,10.7
新疆,28,2023,47,13242,385,195471,61386,94745,9457,762.98,1105.25,14336.24,0.34,521.5,0.44,8833.77,10.97
新疆,28,2024,47,12099,328,200143,62742,99433,9821,841.28,1216.56,16415.12,0.4,549.69,0.43,9831.2,11.24
云南,29,2012,9,21887,519,194707,56617,60755,7285,399.75,342.86,20009.25,0.04,621.18,0.26,1626.26,6.97
云南,29,2013,16,21913,1294,210125,61338,73305,8136,464.78,412.41,21119.83,0.05,675.03,0.28,1808.68,7.06
云南,29,2014,18,21835,1324,224899,62266,82823,8790,539.09,485.12,21890.23,0.04,728.55,0.3,1967.16,7.23
云南,29,2015,30,21833,1183,237597,66203,93278,9569,595.78,547.53,22836.65,0.04,748.89,0.3,2309.65,7.31
云南,29,2016,34,22395,593,253555,71460,105966,10377,684.78,637.34,24460.15,0.03,819.44,0.3,2754.12,7.87
云南,29,2017,42,22868,524,274809,77892,128513,10932,759.84,731.2,25464,0.04,892.25,0.3,3149.36,8.27
云南,29,2018,47,23108,523,291194,82233,136886,11657,848.53,812.37,25832.83,0.04,961.4,0.2,3425.52,8.95
云南,29,2019,50,23638,526,311899,93724,158461,12563,941.26,1051.13,28244.33,0.04,1011.53,0.2,3708.89,8.85
云南,29,2020,54,24592,532,325212,100245,173175,13242,972.96,1115.08,26982.52,0.04,970.49,0.25,4044.74,8.76
云南,29,2021,54,24869,544,330278,104086,182586,13987,1092.95,1269.93,29365.84,0.04,993.9,0.25,4380.59,8.66
云南,29,2022,54,25146,556,335344,107927,191997,14732,1212.93,1424.78,31049.16,0.04,1017.3,0.25,4716.44,8.57
云南,29,2023,54,25423,568,340410,111768,201408,15477,1332.91,1579.63,31832.48,0.04,1040.7,0.25,5052.29,8.48
云南,29,2024,54,25700,580,345476,115609,210819,16222,1452.89,1734.48,32615.8,0.04,1064.1,0.25,5388.14,8.39
浙江,30,2012,52,28939,377,213286,109459,121313,21613,1148.37,1084.63,45191.12,0.04,626.35,0.23,2818.51,7.14
浙江,30,2013,61,28655,396,230056,117370,132705,23036,1291.14,1220.51,47526.35,0.04,689.52,0.25,3114.45,6.13
浙江,30,2014,62,28673,577,245756,124670,145141,24451,1484.16,1394.24,50424.96,0.03,756.28,0.3,3589.3,6.25
浙江,30,2015,70,29431,483,272509,135772,159945,25763,1603.06,1523.81,52973.42,0.03,791.15,0.3,4062.49,6.22
浙江,30,2016,70,29811,420,289870,145017,174523,26872,1801.1,1718.84,55521.29,0.04,871.29,0.3,4603.84,6.22
浙江,30,2017,71,30189,394,313520,155076,187717,27885,2028.93,1939.83,59514.12,0.03,949.26,0.3,4995.65,6.04
浙江,30,2018,67,30883,393,332086,166124,201511,29048,2263.93,2140.43,62755.16,0.03,1019.74,0.3,5433.29,6.48
浙江,30,2019,65,32145,403,350191,179950,219790,30286,2524.51,2650.74,68133.15,0.03,1104.33,0.3,5881.25,6.93
浙江,30,2020,67,32376,401,361317,191541,233067,31436,2412.42,2709.78,60499.87,0.04,964.82,0.35,5909.49,7.37
浙江,30,2021,76,33021,406,369875,206656,250311,32483,2799.43,3052.2,67114.91,0.04,1081.24,0.32,5937.73,7.82
浙江,30,2022,85,33666,411,378433,221771,267555,33530,3186.45,3394.61,69529.95,0.04,1197.67,0.29,5965.97,8.26
浙江,30,2023,94,34311,416,386991,236886,284799,34577,3573.47,3737.02,75345,0.04,1314.1,0.26,5994.21,8.7
浙江,30,2024,103,34956,421,395549,252001,302043,35624,3960.49,4079.43,79030.05,0.04,1430.53,0.23,6022.45,9.14
重庆,31,2012,15,17310,167,130813,38790,49823,6884,333.75,293.79,13304.98,0.08,449.74,0.32,2110.5,7.32
重庆,31,2013,18,18025,350,147436,41712,55460,7209,407.3,354.53,13909.95,0.07,507.15,0.35,2482.61,7.34
重庆,31,2014,19,17886,298,160579,44252,62739,7628,482.36,422.02,13797.98,0.06,551.33,0.4,2746.3,7.54
重庆,31,2015,25,18986,159,176549,47689,69954,8181,547.53,487.77,14500.3,0.08,591.07,0.4,3315.82,7.1
重庆,31,2016,27,19044,156,190850,51474,77463,8574,607.39,543.52,14905.67,0.08,631.37,0.3,3492.19,7.46
重庆,31,2017,29,18748,152,206376,55216,84853,8800,679.84,616.98,15552.73,0.08,687.06,0.4,3836.11,8.24
重庆,31,2018,31,19535,153,220104,61809,95109,9389,746.03,681.37,15968.77,0.07,705.44,0.4,4430.65,8.21
重庆,31,2019,31,20001,150,231806,67366,103147,9777,847.59,885.39,17548.28,0.07,752.87,0.4,4530.36,9.31
重庆,31,2020,33,19838,149,235520,72127,109417,9927,863.92,930.72,17027.73,0.08,676.15,0.44,4860.2,10.41
重庆,31,2021,34,20268,154,240741,76155,114010,10527,1007.87,1106.26,19363.28,0.07,730.51,0.44,5190.04,11.51
重庆,31,2022,35,20698,159,245962,80183,118603,11127,1151.82,1281.8,19738.83,0.06,784.86,0.44,5519.88,12.61
重庆,31,2023,36,21128,164,251183,84211,123196,11727,1295.77,1457.34,21534.38,0.05,839.21,0.44,5849.72,13.71
重庆,31,2024,37,21558,169,256404,88239,127789,12327,1439.72,1632.88,22519.93,0.04,893.56,0.44,6179.56,14.81
