卫生资源配置_省份,卫生资源配置_代码,卫生资源配置_年份,物力资源_基层医疗卫生机构数/个,物力资源_专业公共卫生机构/个,物力资源_医疗卫生机构数量/个,物力资源_医疗卫生机构床位数/张,人才资源_执业医师数/人,人才资源_注册护士数/人,人才资源_卫生人员数/万人,财力投入_医疗卫生机构事业收入/亿元,财力投入_人均卫生费用/元,服务能力_诊疗人次数/万人次,服务能力_入院人数/万人,服务能力_城乡居民医疗保健支出占消费性支出
安徽,1,2012,21812,446,23275,222315,71181,95046,33.48,517.1,1857.08,23491.54,711.65,7.43
安徽,1,2013,21872,1748,24645,235959,75936,103404,35.38,596.46,2025.71,25474.34,762.58,8.04
安徽,1,2014,22014,1755,24824,252044,80525,111497,36.57,686.31,2172.67,26282.04,821.36,6.46
安徽,1,2015,22030,1721,24853,267405,84620,119303,37.74,741.32,2376.98,26124,842.99,7.29
安徽,1,2016,22271,983,24385,281720,90089,126350,38.82,812.23,2652.17,26300.19,897.32,7.18
安徽,1,2017,22635,666,24491,305746,97680,138139,40.75,917.03,2897.37,28012.23,996.09,7.36
安徽,1,2018,23076,604,24925,328123,103628,149723,42.7,1030.85,3159.72,29701.92,1011.06,7.16
安徽,1,2019,24558,544,26435,347395,113502,163390,45.46,1187.64,3518.93,33315.93,1035.89,7.78
安徽,1,2020,27400,481,29391,407813,133307,188182,50.32,1232.48,3995.66,34606.55,950.17,8.4
安徽,1,2021,27629,466,29554,411023,140783,200950,51.94,1369.94,4472.39,36406.08,949.32,9.01
安徽,1,2022,28205,475,30176,444233,151359,221418,55.34,1507.4,4949.12,37205.61,948.47,9.63
安徽,1,2023,29340,485,31361,453500,164135,241400,59.02,1644.86,5425.85,38905.14,947.62,10.25
安徽,1,2024,30583,499,32635,449767,168511,244582,59.9,1782.32,5902.58,40304.67,946.77,10.87
北京,2,2012,8837,118,9632,100167,69810,79534,25.32,943.33,5750.79,18529.75,225.01,7.74
北京,2,2013,8857,118,9683,104011,72489,83879,26.31,1093.61,6337.38,20466.38,246.31,7.75
北京,2,2014,8802,117,9638,109811,75299,88488,27.4,1229.07,7411.41,21359.92,269.81,7.24
北京,2,2015,8912,113,9771,111555,80410,94626,28.92,1354.88,8453.14,21780.33,276.38,6.49
北京,2,2016,8908,112,9773,117041,84276,98082,29.95,1524.25,9429.73,23204.97,311.89,7.06
北京,2,2017,9090,110,9976,120645,88934,103459,31.52,1691.6,10106.42,22468.66,328.65,7.15
北京,2,2018,9172,110,10058,123626,93587,107351,32.61,1907.85,11609.06,23515.8,353.6,8.09
北京,2,2019,9416,108,10336,127777,99240,114891,34.32,2155.21,13766.77,24886.39,384.86,9.12
北京,2,2020,9675,105,10599,127033,101061,117944,34.81,1794.45,13834.01,18228.88,253.77,10.14
北京,2,2021,9777,101,10699,130259,105757,124086,36.1,2328.33,13901.25,22747.57,367.67,11.16
北京,2,2022,9915,98,10897,133985,108453,126128,36.86,2862.2,13968.49,22266.26,481.56,12.19
北京,2,2023,10505,93,11487,138811,115149,134670,38.9,3396.07,14035.73,27584.95,595.45,13.22
北京,2,2024,10290,95,11273,141137,129845,139912,40.16,3929.94,14102.97,29103.64,709.34,14.25
福建,3,2012,26374,307,27276,139341,57885,71124,23.68,429.32,1809.51,19203.12,510.16,4.72
福建,3,2013,26151,1406,28175,156149,61939,79929,26.18,498.54,2213.36,20395.63,527.67,4.44
福建,3,2014,25994,1404,28030,164781,64366,85664,27.36,573.26,2553.68,21211.94,533.71,5.02
福建,3,2015,25876,1401,27921,173007,66028,90450,28.13,626.84,2945.07,21190.05,523.04,5.4
福建,3,2016,26190,809,27656,174767,69186,95641,28.82,676.77,3226.83,21926.66,535.04,5.61
福建,3,2017,26078,470,27217,182375,73323,101209,30.06,729.94,3598.89,22635.62,551.11,5.39
福建,3,2018,26423,450,27590,192473,78723,109330,31.85,835.39,3941.89,23366.76,574.16,5.36
福建,3,2019,26596,421,27788,202211,85083,116214,33.43,952.82,4276.7,24899.64,609.22,6.14
福建,3,2020,26902,403,28105,216753,90351,122471,35.1,936.81,4631.96,24044.76,531.36,6.93
福建,3,2021,27463,392,28693,223813,95297,130171,36.61,1096.57,4987.22,26709.99,560.96,7.72
福建,3,2022,27940,324,29116,232473,100243,136771,37.96,1256.33,5342.48,26275.22,590.56,8.51
福建,3,2023,28845,324,30023,242133,105689,144771,39.71,1416.09,5697.74,29140.45,620.16,9.3
福建,3,2024,29416,282,30543,248993,168535,150871,41.04,1575.85,6053,32205.68,649.76,10.09
甘肃,4,2012,25631,335,26401,112296,34896,37202,15.19,177.08,1725.36,11920.56,292.9,8.17
甘肃,4,2013,25514,718,26697,116064,36483,40954,16.07,210.85,2006.89,12392.96,318.82,8.52
甘肃,4,2014,25254,2082,27916,122412,38626,45472,17.9,235.55,2199.13,12328.7,338.61,8.64
甘肃,4,2015,25459,1774,27799,127743,40145,47782,18.14,258.22,2516.1,12530.78,351.85,7.22
甘肃,4,2016,25791,1844,28197,134346,42793,50530,18.68,297.35,2889.18,13042.06,400.2,8.49
甘肃,4,2017,26579,1639,28857,146613,45395,58444,19.92,334.94,3095.17,13458.01,437.46,8.9
甘肃,4,2018,25785,1394,27897,162737,48150,64276,20.7,374.34,3303.72,13245.93,487.22,9.17
甘肃,4,2019,24761,1124,26697,181172,50220,79468,22.85,435.26,3527.34,12688.84,520.12,9.98
甘肃,4,2020,24597,867,26204,171866,50945,81363,22.9,383.47,3750.96,11044.1,431.26,10.78
甘肃,4,2021,24373,652,25759,183166,57995,91701,24.77,518.82,3974.58,11520.41,445.1,11.59
甘肃,4,2022,24072,463,25266,188966,59945,94739,25.4,654.18,4198.2,10136.72,458.95,12.39
甘肃,4,2023,24200,413,25375,204766,65395,100447,26.84,789.54,4421.82,12173.03,472.8,13.19
甘肃,4,2024,25653,286,26741,207766,73945,108315,29.32,924.9,4645.44,13349.34,486.65,13.99
广东,5,2012,44585,661,46534,355274,159428,199534,66.25,1587.31,2062.77,71491.8,1215.8,4.99
广东,5,2013,44470,1965,47835,378367,170171,217629,70.8,1813.84,2366.42,75779.44,1297.56,5.01
广东,5,2014,44675,1978,48085,405751,176112,233483,73.26,2056.49,2641.11,78094.77,1392.84,5
广东,5,2015,45013,1831,48320,435666,186807,254098,76.85,2260.84,3043.29,78526.09,1441.45,4.98
广东,5,2016,46033,1544,49079,465142,199457,283793,81.91,2550.35,3812.46,81200.67,1546.88,4.95
广东,5,2017,47071,1215,49874,492064,212657,307664,86.41,2837.14,4135.76,83620.22,1634.62,5.14
广东,5,2018,48684,1058,51451,516929,229165,334551,91.84,3196.52,4581.96,84530.26,1710.12,5.59
广东,5,2019,51064,1018,53900,545196,243564,356330,96.19,3685.02,5317.6,89179.77,1815.95,6.63
广东,5,2020,53069,897,55900,564773,256800,374457,100.62,3532.75,4059.58,72639.5,1564.3,7.66
广东,5,2021,55139,788,57964,588964,270948,401698,105.87,4227.5,6358.67,81669.44,1729.35,8.7
广东,5,2022,56635,731,59531,608355,284696,420439,110.96,4922.25,7022.31,80699.38,1894.39,9.74
广东,5,2023,59874,690,62819,628646,307144,450240,116.91,5617,,90629.33,2059.43,10.78
广东,5,2024,63170,662,66125,644437,324392,462721,120.25,6311.75,,96559.27,2224.47,11.82
广西,6,2012,33257,387,34152,168691,61340,85515,30.38,437.64,1671.24,23189.2,699.52,6.33
广西,6,2013,32117,1288,33943,187216,65219,94814,33.48,533.5,1795.64,24969.88,818.75,6.61
广西,6,2014,32497,1646,34667,201600,68419,103955,35.76,602.98,1910.1,24932.61,832.78,5.77
广西,6,2015,32216,1657,34439,214485,73379,113202,37.48,656.01,2103.71,25188.36,831.15,6.44
广西,6,2016,32020,1650,34253,224471,77826,122602,39.06,727.39,2557.03,25423.36,860.36,6.59
广西,6,2017,32034,1353,34008,241140,82249,131693,40.48,821.6,2851.55,26103.06,901.03,7.21
广西,6,2018,31826,1257,33742,255940,86541,140412,42.04,918.09,3278.54,25574.26,932.02,7.86
广西,6,2019,31853,1109,33679,277357,93954,152390,44.04,1085.8,3363.52,26131.17,1046.44,9.82
广西,6,2020,32149,942,33875,295562,102833,167487,47.22,1095.96,3739.2,23182.14,998.29,11.77
广西,6,2021,32643,599,34112,319045,109429,182407,49.32,1204.89,3533.48,25569.64,1067.63,13.72
广西,6,2022,33086,493,34500,341728,115225,192927,51.71,1313.81,3618.46,26357.14,1136.97,15.68
广西,6,2023,33497,427,34888,362011,120621,200947,53.61,1422.73,3703.44,26244.64,1206.31,17.64
广西,6,2024,33324,352,34685,377394,127717,209047,55.95,1531.65,3788.42,26232.14,1275.65,19.6
贵州,7,2012,26264,340,27404,139211,39528,48646,19.11,256.96,1378.38,11515.13,563.32,5.57
贵州,7,2013,26657,1498,29177,166724,44169,58666,22.16,333.85,1577.7,12662.41,653.52,5.68
贵州,7,2014,26432,1464,28995,182189,45649,67204,23.75,379.29,1846.75,13016.03,640.14,5.08
贵州,7,2015,26175,1318,28712,196422,50401,76032,25.91,419.61,2136.78,13201.16,633.88,6.13
贵州,7,2016,26172,597,28017,210279,55371,85993,27.74,479.01,2472.37,13844.5,661.93,5.61
贵州,7,2017,26378,356,28034,232990,60382,97970,30.19,547.53,2916.38,15241.79,732.78,5.9
贵州,7,2018,26374,343,28066,245639,65264,109127,32.34,615.79,3352.12,16358.62,815.25,6.45
贵州,7,2019,26806,327,28511,264986,71572,121386,34.71,709.61,3838.96,17579.73,860.1,8.63
贵州,7,2020,27138,322,28880,276379,77136,131472,36.69,741.12,3863.05,16209.25,781.37,10.81
贵州,7,2021,27465,328,29292,296902,84453,141650,38.41,802.98,3887.14,18087.8,844.94,13
贵州,7,2022,27294,344,29150,309725,88570,147128,39.83,864.84,3911.23,19266.35,908.51,15.18
贵州,7,2023,28750,333,30695,315448,101587,163706,43.05,926.7,3935.32,20944.9,972.08,17.36
贵州,7,2024,28951,282,30869,324871,108504,168744,44.43,988.56,3959.41,22623.45,1035.65,19.54
海南,8,2012,4839,107,5154,30289,12244,19432,5.93,93.75,2034.02,3904.07,84.15,6.39
海南,8,2013,4689,122,5011,32100,13301,20892,6.35,109.68,2067.69,4247.85,90.95,6.76
海南,8,2014,4754,121,5075,34466,14122,22383,6.66,118.85,2442.5,4531.25,97.1,5.21
海南,8,2015,4714,119,5046,38698,15346,24662,7.13,133.5,2883.25,4640.87,104.61,5.76
海南,8,2016,4805,119,5144,40324,16271,26495,7.46,150.47,3306.78,4865.75,110.04,7.28
海南,8,2017,4846,117,5180,41954,17268,28382,7.74,167.49,3991.16,4961.64,116.47,7.13
海南,8,2018,4981,119,5325,44800,18732,29959,8.14,179.92,4307.91,5078.55,119.41,7.12
海南,8,2019,5057,105,5417,49764,20271,32062,8.59,210.58,4810.05,5252.63,128.94,6.67
海南,8,2020,5733,106,6127,58474,23145,35188,9.41,215.49,5233.33,5316.63,116.11,6.21
海南,8,2021,5881,111,6277,61408,25362,38410,9.96,254.57,5656.61,5055.02,128.19,5.76
海南,8,2022,5982,109,6384,61242,26379,39332,10.23,293.65,6079.89,5493.41,140.27,5.3
海南,8,2023,6143,128,6538,60976,27396,41254,10.61,332.73,6503.17,5531.8,152.35,4.84
海南,8,2024,5999,111,6382,61510,29113,42376,10.96,371.81,6926.45,5770.19,164.43,4.38
河北,9,2012,77177,597,79119,284359,108771,101988,46.33,665.36,1712.66,36791.62,869.6,8.52
河北,9,2013,75178,1689,78485,303497,114550,111526,49.2,767.84,2026.92,39309.39,922.53,8.89
河北,9,2014,75623,1657,78895,322909,121014,121845,51.29,879.91,2228.95,41289.41,980.64,9.17
河北,9,2015,75562,1264,78594,342096,128786,132837,53.33,955.16,2507.1,42134.08,991.32,8.56
河北,9,2016,76003,1089,78795,360485,137687,143432,55.51,1111.57,2710.58,43494.3,1117.72,9.1
河北,9,2017,78207,801,80912,395036,149885,158383,59.06,1255.71,2921.86,43213.79,1175.19,8.57
河北,9,2018,82236,684,85088,421916,164733,172863,62.4,1408.77,3561.06,43137.25,1215.23,9.02
河北,9,2019,81790,662,84651,430079,173531,185025,64.72,1560.47,3872.42,43227.9,1192.33,9.46
河北,9,2020,83972,641,86939,441962,185229,201377,67.5,1540.26,4111.38,38179.63,1031.11,9.89
河北,9,2021,85029,644,88162,454994,197945,225019,71.03,1768.95,4350.34,39874.71,1024.98,10.32
河北,9,2022,87019,638,90194,485726,204461,238261,73.29,1997.65,4589.3,38769.79,1018.86,10.75
河北,9,2023,89576,633,92825,534058,224777,269703,79.07,2226.35,4828.26,50464.87,1012.74,11.18
河北,9,2024,90464,515,93648,546990,252093,301045,84.26,2455.05,5067.22,57149.95,1006.62,11.61
河南,10,2012,67252,581,69258,393993,116270,156041,65.26,816.88,1613.47,49655.24,1273.14,7.92
河南,10,2013,67281,2472,71464,429810,126036,176534,71.63,968.91,1791.68,51860.44,1327.4,6.68
河南,10,2014,66952,2478,71154,459338,134405,191117,74.51,1149.79,1991.07,54963.06,1447.1,8.11
河南,10,2015,67092,2471,71394,489621,143010,205366,77.11,1256.49,2382.38,55552.95,1501.6,8.25
河南,10,2016,67174,2223,71271,521546,152056,222123,79.65,1404.83,2594.03,57776.99,1601.82,8.52
河南,10,2017,67307,1897,71089,558998,165802,241571,82.76,1621.64,2874.43,58520.14,1745.31,8.71
河南,10,2018,67730,1589,71351,608519,180402,263100,86.32,1884.27,3227.66,58542.77,1916.43,8.8
河南,10,2019,67561,1013,70734,640147,191795,278891,88.78,2176.85,3743.57,61020.29,2021.72,10.57
河南,10,2020,71339,909,74644,667156,211830,304335,94.05,2222.31,3954.93,57364.59,1829.42,12.34
河南,10,2021,75174,791,78536,721329,228705,328077,96.96,2505.95,4166.29,61873.22,1914.89,14.11
河南,10,2022,78320,746,81694,752202,241980,353919,101.56,2789.6,4377.65,61431.85,2000.36,15.87
河南,10,2023,81645,724,85044,777475,262655,383961,106.98,3073.25,4589.01,68440.48,2085.83,17.63
河南,10,2024,83517,568,86702,765148,278230,398603,109.55,3356.9,4800.37,68729.12,2171.3,19.39
黑龙江,11,2012,19470,634,21158,178210,66821,70073,27.07,393.89,2148.47,11528.58,420.09,9.53
黑龙江,11,2013,18883,1433,21369,189183,68154,73974,27.91,454.35,2525.77,12094.09,471.22,10.2
黑龙江,11,2014,18725,1443,21229,201337,68892,77720,28.35,499.22,2588.44,12084.46,489.57,10.36
黑龙江,11,2015,18386,1301,20752,212590,70428,80955,28.59,548.32,2736.56,11474.85,514.94,10.08
黑龙江,11,2016,18256,1037,20375,220054,72084,85418,29.23,615.67,3133.43,11890.82,564.14,11.89
黑龙江,11,2017,18398,746,20283,241732,75558,90446,30.03,662.06,3542.76,11790.66,604.73,11.89
黑龙江,11,2018,18460,736,20349,250129,76443,93068,29.96,674.78,3728.4,11177.98,585.19,11.81
黑龙江,11,2019,18478,704,20375,262575,79491,97640,30.56,751.34,4027.08,11250.89,604.74,13.75
黑龙江,11,2020,18653,626,20461,253345,82025,102278,31.04,574.18,5578.38,8500.33,358.11,15.69
黑龙江,11,2021,18772,548,20578,260536,83220,107095,31.49,745.35,7129.68,9644.11,442.11,17.64
黑龙江,11,2022,18805,504,20599,261327,84215,110712,32.09,916.52,8680.98,9587.89,526.11,19.58
黑龙江,11,2023,19623,474,21417,273318,88510,118829,33.57,1087.69,10232.28,12031.67,610.11,21.52
黑龙江,11,2024,20759,403,22535,273109,93205,122746,34.45,1258.86,11783.58,12515.45,694.11,23.46
湖北,12,2012,34063,438,35240,252991,90105,115745,38.64,678.65,1892.99,30579.12,862.08,7.45
湖北,12,2013,34042,779,35631,288169,96540,127871,41.12,784.02,2123.1,32059.73,952.36,8.02
湖北,12,2014,34503,696,36077,317500,103905,144109,43.82,927.29,2396.66,34475.18,1053.45,7.53
湖北,12,2015,34563,578,36179,343147,112243,165077,47.57,1030.48,2818.49,34839.4,1107.52,8.26
湖北,12,2016,34703,557,36354,360558,117036,174918,49.41,1143.36,3270.56,35479.08,1197.57,8.81
湖北,12,2017,34756,534,36357,376185,122070,184283,51,1267.51,3698.89,35601.84,1279.86,9.7
湖北,12,2018,34912,504,36486,393514,126644,190858,52.19,1402.06,3951.21,35149.46,1319.39,10.95
湖北,12,2019,33919,491,35515,403300,128460,194217,52.63,1607.47,4354.57,35382.58,1368.76,10.52
湖北,12,2020,33852,479,35447,411351,134153,200020,53.8,1374.91,5973.48,29456,1025.99,10.09
湖北,12,2021,34823,459,36529,433965,143673,214644,56.41,1730.1,7592.39,34398.36,1214.65,9.67
湖北,12,2022,35030,450,36782,450379,149993,217668,57.7,2085.28,9211.3,34340.72,1403.32,9.24
湖北,12,2023,36735,469,38586,476193,160113,230692,60.22,2440.46,10830.21,36823.08,1591.99,8.81
湖北,12,2024,37036,446,38897,475807,164433,238916,61.59,2795.64,12449.12,38625.44,1780.66,8.38
湖南,13,2012,57177,528,58612,287013,86469,112906,40.35,662.24,1620.26,22899.94,1053.42,6.39
湖南,13,2013,58519,2612,62210,314090,93980,125696,44.22,776.96,1953.09,24437.58,1160.75,6.91
湖南,13,2014,57637,2810,61571,355485,99058,136247,46.27,889.06,2168.01,25050.65,1226.63,7.63
湖南,13,2015,58586,2778,62646,396950,112352,149345,49.42,987.8,2402.06,25696.13,1304.12,7.24
湖南,13,2016,58245,1493,61055,425757,122423,161531,51.55,1111.71,2820.97,26430.84,1400.93,6.92
湖南,13,2017,56302,961,58624,452335,132578,172580,53.67,1248.5,3130.08,27058.41,1473.54,7.33
湖南,13,2018,53788,851,56239,482439,139366,184012,55.78,1359.85,3601.22,26927.41,1537.32,8.26
湖南,13,2019,54859,694,57230,506330,147271,240515,61.83,1538.68,4006.25,28098.1,1616.18,9.59
湖南,13,2020,53793,538,56042,519902,148605,235149,61.45,1505.72,4331.86,26722.69,1486.71,10.91
湖南,13,2021,53354,539,55677,532668,152842,239222,61.98,1686.03,4657.47,30125.51,1509.97,12.24
湖南,13,2022,52977,538,55338,544534,158079,244245,63.2,1866.33,4983.08,34428.33,1533.22,13.57
湖南,13,2023,55110,511,57503,533900,174316,270548,68.3,2046.63,5308.69,40431.15,1556.47,14.9
湖南,13,2024,55275,458,57611,523266,178353,267541,68.5,2226.93,5634.3,39633.97,1579.72,16.23
吉林,14,2012,18804,274,19734,127756,53949,50975,19.64,292.93,2355.87,9742.81,302.45,9.73
吉林,14,2013,18968,293,19913,133245,54450,52715,20.02,331.19,2779.78,10204.59,307.72,11
吉林,14,2014,18856,348,19891,140995,55377,57433,20.61,386.45,2806.76,10634.94,335.52,11.41
吉林,14,2015,19409,432,20612,144500,59074,60719,21.42,411.68,3025.98,10469.23,341.44,11.25
吉林,14,2016,19589,428,20829,151195,61269,65749,22.33,458.67,3501.19,10760.76,368.83,11.15
吉林,14,2017,19647,404,20828,153657,61810,67149,22.43,499.89,3707.67,10843.29,383.34,11.47
吉林,14,2018,21371,406,22691,166994,67329,76241,24.2,558.73,4072.93,11040.65,404.44,11.75
吉林,14,2019,20917,377,22198,170332,68154,79315,24.64,616.53,4356.76,11041.96,402.28,12.23
吉林,14,2020,24424,314,25616,173123,73713,95420,27.29,551.92,4878.73,9278.54,306.67,12.71
吉林,14,2021,24155,285,25344,176546,75430,97803,27.67,729.82,5400.7,10460.28,348.37,13.19
吉林,14,2022,23844,281,25031,177269,75247,98646,27.88,907.73,5922.67,9142.02,390.07,13.67
吉林,14,2023,24905,282,26161,183792,79964,107049,29.42,1085.64,6444.64,11323.76,431.77,14.15
吉林,14,2024,25306,250,26540,177715,85581,111352,30.43,1263.55,6966.61,12705.5,473.47,14.63
江苏,15,2012,28888,505,31050,333118,134800,155247,51.97,1283.68,2388.92,45054.65,952.9,6.46
江苏,15,2013,28815,466,30998,368287,143611,174158,55.11,1483.68,2787.57,49440.12,1053.69,6.37
江苏,15,2014,28921,1290,31995,392293,149651,188767,58.96,1701.3,3322.4,52578.58,1152.04,6.38
江苏,15,2015,28841,1244,31925,413612,157369,203998,61.89,1877.11,3729.07,54579.16,1217.58,6.98
江苏,15,2016,29099,1059,32117,443060,169889,221168,65.41,2051.94,4200.21,55194.92,1308.96,7.09
江苏,15,2017,29118,911,32037,469182,181276,236906,69.25,2265.31,4597.18,58433.7,1418.04,6.79
江苏,15,2018,30295,808,33254,491512,193878,260422,73.93,2493.8,5012.01,59442.11,1449.41,6.85
江苏,15,2019,31821,685,34796,516015,211174,279836,78.63,2813.5,5525.61,61721.65,1528.21,8.35
江苏,15,2020,32703,658,35747,535006,224031,294159,82.33,2726.8,5800.56,53355.52,1356.59,9.85
江苏,15,2021,33387,619,36448,548560,230820,308650,85.34,3105.04,6075.51,56976.24,1415.7,11.35
江苏,15,2022,33947,510,37001,563114,237209,318341,87.53,3483.29,6350.46,56196.96,1474.81,12.85
江苏,15,2023,36378,508,39536,578868,247798,333432,91.1,3861.54,6625.41,64217.68,1533.92,14.35
江苏,15,2024,38446,495,41680,604122,274187,340423,94.2,4239.79,6900.36,68538.41,1593.03,15.85
江西,16,2012,38369,512,39509,163721,56444,72055,25.96,364.82,1461.47,18972.42,657.87,6.02
江西,16,2013,37425,823,38902,174299,58841,78209,26.98,420.55,1632.17,19852.69,688.66,5.87
江西,16,2014,37372,827,38873,186727,62050,84140,28.08,491.58,1871.65,21087.1,696.65,5.51
江西,16,2015,37066,812,38557,197837,63704,89579,29.16,546.98,2143.54,20838.31,712.08,5.67
江西,16,2016,36784,794,38272,209097,66016,95519,30.17,619.46,2374.79,21341.17,745.47,5.6
江西,16,2017,36311,744,37791,234047,70083,104109,31.78,684.9,2717.89,21605.15,827.76,5.73
江西,16,2018,35020,739,36545,249490,73290,110855,32.58,788.01,3170.63,21232.29,865.54,6.05
江西,16,2019,35398,742,37029,267135,80423,120413,34.83,909.8,3573.89,23627.74,884.37,7.17
江西,16,2020,35214,564,36716,285847,86726,129251,36.78,931.95,3973.35,21994.72,806.64,8.28
江西,16,2021,35216,513,36764,307292,93000,139922,38.17,1102.24,4372.81,22864.6,861.65,9.39
江西,16,2022,34111,507,35683,314527,94874,144433,39.08,1272.52,4772.27,23334.48,916.65,10.51
江西,16,2023,38292,529,40129,340782,111448,169464,43.91,1442.8,5171.73,25604.36,971.65,11.63
江西,16,2024,37681,439,39392,340527,118122,177735,45.97,1613.08,5571.19,27614.24,1026.65,12.75
辽宁,17,2012,34249,497,35792,230962,89892,98036,32.97,569.08,2305.68,17525.5,550.44,8.37
辽宁,17,2013,33521,1035,35612,241860,92308,103409,33.84,644.31,2680.59,17838.07,595.09,8.23
辽宁,17,2014,33297,1031,35441,255513,91213,105828,33.92,722.1,3028.54,18451.3,635.15,8.47
辽宁,17,2015,33105,955,35236,266986,94231,110976,34.85,787.75,3221.86,18550.98,646.36,9.38
辽宁,17,2016,33931,854,36131,284384,98985,119147,36.57,873.26,3390.89,19294.19,692.57,9.29
辽宁,17,2017,33540,775,35767,298609,104323,127445,38.09,938.94,3675.32,20042.27,735.12,9.88
辽宁,17,2018,33777,672,36029,314440,108499,134492,39.19,1018.37,3966.09,19869.02,741.68,10.04
辽宁,17,2019,32275,456,34238,313847,111710,139098,39.67,1110.31,4160.65,19987.55,708.29,11.39
辽宁,17,2020,32174,466,34131,314488,113955,142745,40.15,1018.02,4486.87,16299.17,575.83,12.73
辽宁,17,2021,30919,539,33051,324528,119022,152697,41.77,1204.3,4813.09,16727.62,614.21,14.08
辽宁,17,2022,30549,498,32679,326268,120389,157849,42.55,1390.58,5139.31,15856.07,652.59,15.43
辽宁,17,2023,32005,440,34137,334208,124256,167901,44.26,1576.86,5465.53,19414.52,690.97,16.78
辽宁,17,2024,34973,363,37137,337748,136223,178853,46.82,1763.14,5791.75,21212.97,729.35,18.13
内蒙古,18,2012,22009,447,23046,110788,50100,46774,18.39,247.48,2486.17,9334.09,258.63,8.29
内蒙古,18,2013,21984,629,23257,120065,52500,52358,19.6,285,2798.11,9882.85,283.62,8.06
内蒙古,18,2014,22053,660,23426,129011,52624,56723,20.3,320.76,2842.54,10033.63,300.47,8.39
内蒙古,18,2015,22421,664,23886,133889,54862,61223,21.25,337.42,3302.78,10024.85,295.91,8.38
内蒙古,18,2016,22606,600,24002,139236,56996,66445,22.11,381.3,3599.67,10340.42,329.48,8.28
内蒙古,18,2017,22868,508,24218,150325,60459,71866,23.31,412.74,3995.95,10442.05,363.61,8.85
内蒙古,18,2018,23235,488,24610,159006,63270,76435,24.14,464.31,4272.88,10548.11,384.89,8.92
内蒙古,18,2019,23238,466,24564,161083,66189,80434,24.93,490.68,4604.72,10701.2,362.53,10.45
内蒙古,18,2020,23277,434,24549,162072,68672,83443,25.48,449.42,5271.21,9612.34,294.3,11.98
内蒙古,18,2021,23684,400,24948,166598,71988,88938,26.17,511.3,5937.7,10291.33,311.75,13.52
内蒙古,18,2022,23751,428,25062,167724,73804,91533,26.78,573.18,6604.19,9940.32,329.2,15.05
内蒙古,18,2023,24328,438,25685,173150,78920,101228,28.41,635.06,7270.68,11849.31,346.65,16.58
内蒙古,18,2024,25480,351,26768,173676,85836,106923,30.16,696.94,7937.17,12628.3,364.1,18.11
宁夏,19,2012,3904,83,4140,27765,11518,12504,4.4,67.63,2085.87,3115.17,82,8.07
宁夏,19,2013,3898,165,4231,31134,12663,13978,4.76,85.34,2568.91,3338.53,90.71,8.01
宁夏,19,2014,3918,166,4255,32506,13328,15096,5.07,101.2,3125.39,3562.08,96.44,8.53
宁夏,19,2015,3981,129,4288,33804,14200,16135,5.26,110.26,3411.75,3576.99,97.96,9.94
宁夏,19,2016,3968,85,4254,36313,15336,18069,5.62,125.05,3730.5,3832.2,106.72,10.74
宁夏,19,2017,3966,86,4271,39820,16208,21568,6.2,134.95,4383.5,4008.58,117.63,9.88
宁夏,19,2018,4121,88,4450,41005,17092,23277,6.58,143.09,4992.64,4145.67,120.81,10.16
宁夏,19,2019,4077,90,4397,40971,18052,24307,6.86,165.34,4909.75,4358.32,123.32,10.64
宁夏,19,2020,4247,94,4574,41261,19343,25972,7.2,155.82,5244.28,3962.89,106.89,11.12
宁夏,19,2021,4242,95,4571,41191,19722,27255,7.31,167.84,5578.81,4116.72,108.09,11.6
宁夏,19,2022,4277,99,4607,41821,19901,28138,7.43,179.86,5913.34,4170.55,109.3,12.09
宁夏,19,2023,4514,104,4863,45751,21480,30000,7.81,191.88,6247.87,5124.38,110.51,12.58
宁夏,19,2024,4660,84,4986,47881,22859,30804,8.05,203.9,6582.4,5718.21,111.72,13.07
青海,20,2012,5658,145,5948,26018,10162,10026,4.08,54.94,2485.95,2134.07,75.96,7.5
青海,20,2013,5701,170,6020,29529,11332,11492,4.47,68.35,2813.15,2203.53,82.33,8.06
青海,20,2014,5878,174,6241,33007,10954,12750,4.64,76.96,3004.89,2253.42,86.48,7.6
青海,20,2015,5860,178,6223,34546,11572,13194,4.84,83.44,3667.8,2281.71,84.13,8.39
青海,20,2016,5908,180,6291,34749,11757,14364,4.97,93.08,4043.05,2356.63,91.18,9.54
青海,20,2017,5980,179,6375,38321,13193,16475,5.61,101.96,4513.49,2545.48,97.34,10.07
青海,20,2018,5994,178,6396,39146,13725,17577,5.94,111.09,5107.2,2533.59,98.53,10.26
青海,20,2019,6114,176,6513,41443,14692,18910,6.2,130.95,5843.23,2659.36,105.98,11.37
青海,20,2020,6018,172,6407,41285,15400,19678,6.43,127.83,6450.25,2400.3,101,12.48
青海,20,2021,6011,173,6408,42153,15796,21349,6.68,141.02,7057.27,2651.05,98.17,13.59
青海,20,2022,5993,168,6376,42921,16192,21520,6.7,154.22,7664.29,2401.8,95.34,14.7
青海,20,2023,6536,168,6950,45789,18388,23791,7.27,167.42,8271.31,2942.55,92.51,15.81
青海,20,2024,6536,124,6914,47857,20000,25262,7.65,180.62,8878.33,3003.3,89.68,16.92
山东,21,2012,66462,677,68840,473768,168111,191721,73.89,1146.11,1991.65,58264.69,1397.48,7.07
山东,21,2013,72108,1338,75426,489737,194948,240078,81.93,1302.45,2307.49,62207.9,1414.84,7.27
山东,21,2014,72834,2108,77012,500631,195791,245711,83.85,1532,2537.6,63126.62,1501.82,7.54
山东,21,2015,73041,2086,77259,519369,202993,254170,85.57,1683.89,2888.09,61521.33,1521.76,7.47
山东,21,2016,72904,1891,76997,540994,210806,268379,87.41,1939.18,3372.7,62162.96,1691.78,8.16
山东,21,2017,75106,1302,79050,584812,227649,293647,91.79,2140.73,3568.74,64436.32,1825.35,8.5
山东,21,2018,77614,1081,81470,608459,245310,322750,96.14,2264.52,4121.35,65561.77,1841.46,8.71
山东,21,2019,79825,973,83616,629722,259781,341379,100.06,2553.71,4255.88,67464.05,1859.68,9.03
山东,21,2020,81126,889,84872,646863,271412,355651,102.79,2547.72,4750.85,61328.95,1661.93,9.36
山东,21,2021,82062,779,85715,673920,282332,376542,105.57,2943.78,5245.82,67152.71,1823.22,9.69
山东,21,2022,82485,640,86026,693677,289252,387133,107.88,3339.84,5740.79,66736.47,1984.51,10.01
山东,21,2023,84426,601,88186,738634,262672,417624,113.59,3735.9,6235.76,78200.23,2145.8,10.33
山东,21,2024,86289,497,90070,761091,327592,433715,118.16,4131.96,6730.73,90323.98,2307.09,10.65
山西,22,2012,38443,457,40192,165309,73507,70337,27.95,302.63,1841.79,11900.67,349.06,7.53
山西,22,2013,38529,462,40281,172620,74788,74849,28.39,354.32,2018.84,12486.42,367.01,7.85
山西,22,2014,39010,463,40777,177442,76689,79055,28.93,400.75,2188.87,12767.41,391.28,8.32
山西,22,2015,39196,460,41002,183209,77314,83344,29.49,413.62,2518.82,12521.26,381.41,9.3
山西,22,2016,40288,455,42204,189689,79147,92112,31.13,467.72,2650.33,12942.39,430.08,9.42
山西,22,2017,40581,455,42490,197525,81477,96849,31.9,514.5,2938.24,13485.33,455.47,9.68
山西,22,2018,40198,449,42079,208305,85834,103860,33.09,598.6,3282,12962.78,496.03,9.99
山西,22,2019,40249,445,42162,218441,89259,108993,34.17,668.07,3465.29,13145.65,501.54,11.5
山西,22,2020,39224,440,41140,223650,92094,116339,35.14,645.36,4239.83,12300.32,427.47,13.02
山西,22,2021,39101,431,41007,228946,96227,124305,36.29,712.51,5014.37,13440.74,445.77,14.53
山西,22,2022,37816,422,39661,228442,96160,126271,36.44,779.65,5788.91,12731.16,464.08,16.05
山西,22,2023,35984,428,37849,232338,100393,132737,37.48,846.79,6563.45,14621.58,482.39,17.57
山西,22,2024,36645,339,38415,229934,110026,140203,39.25,913.93,7337.99,16042,500.7,19.09
陕西,23,2012,34889,387,36271,169230,56957,79390,29.38,366.31,2292.88,16052.35,497.92,8.94
陕西,23,2013,34118,1962,37137,185139,60935,89551,32.19,432.21,2701.11,17191.66,547.37,8.96
陕西,23,2014,34202,1949,37247,199372,63214,97221,33.63,502.92,2977.53,17508.46,595.67,9.31
陕西,23,2015,34098,1804,37030,211885,66172,104317,34.99,559.72,3307.08,17501.11,625.47,9.6
陕西,23,2016,34017,1390,36598,225400,71585,116803,37.26,628.13,3535.66,18499.82,680.65,10.4
陕西,23,2017,33808,800,35861,241265,78249,126983,39.38,707.13,4010.09,19155.39,751.37,10.96
陕西,23,2018,33412,613,35300,253711,82880,138021,41.09,804.33,4508.42,19627.98,798.09,11.45
陕西,23,2019,33619,494,35404,265814,89326,150423,43.56,916.15,4706.8,20898.97,819.28,11.35
陕西,23,2020,33208,463,34983,272424,93988,155481,44.53,874.94,5127.85,17664.45,675.68,11.25
陕西,23,2021,33185,415,34971,284545,97605,159406,44.59,1014.72,5548.9,18704.95,728.42,11.15
陕西,23,2022,32978,407,34779,289666,102122,163131,45.59,1154.5,5969.95,18145.45,781.15,11.05
陕西,23,2023,33334,391,35133,306287,109339,169656,47.1,1294.28,6391,21745.95,833.88,10.95
陕西,23,2024,33662,355,35426,309708,117956,172541,47.96,1434.06,6812.05,22126.45,886.61,10.85
上海,24,2012,4379,101,4845,109784,51722,63245,18.34,807.81,4588.86,22085.94,276.73,5.67
上海,24,2013,4439,116,4929,114314,54039,67939,19.23,897.07,5170.21,23406.63,291.04,5.35
上海,24,2014,4489,116,4984,117510,57425,71929,20.17,1023.39,5546.92,25059.71,318.55,7.88
上海,24,2015,4480,116,5016,122813,59368,75436,20.84,1139.5,6362.02,25616.04,335.06,7.32
上海,24,2016,4470,117,5016,129166,61762,79373,21.71,1294.67,7595.98,25931.91,366.61,7.21
上海,24,2017,4574,112,5144,134607,64196,83939,22.78,1457.36,8630.3,26579.44,391.23,7.99
上海,24,2018,4729,108,5293,139029,67791,88005,23.82,1585.74,9495.89,27016.88,418.36,6.94
上海,24,2019,5021,106,5597,146454,71247,92875,24.87,1809.07,10430.53,27559.99,454.94,7.69
上海,24,2020,5291,107,5897,152191,74780,97151,26.14,1744.67,10591.59,22564.03,375.13,8.43
上海,24,2021,5656,103,6308,160378,80241,103859,28.1,2149.29,10752.65,26691.37,448.05,9.18
上海,24,2022,5726,101,6404,165365,82302,106467,28.84,2553.91,10913.71,22618.71,520.97,9.93
上海,24,2023,5796,104,6514,175752,85563,111035,29.77,2958.53,11074.77,26046.05,593.89,10.68
上海,24,2024,5692,88,6421,186139,90724,117933,31.4,3363.15,11235.83,27733.4,666.81,11.43
四川,25,2012,74215,713,76557,390147,129605,139810,54.9,873.09,1740.81,42438.89,1383.11,6.25
四川,25,2013,75161,2969,80037,426635,139093,158457,59.6,1019.31,2066.41,43548.61,1451.85,6.23
四川,25,2014,76110,2962,81070,459596,145028,175520,62.69,1170.35,2305.81,44520.6,1508.79,6.96
四川,25,2015,76214,1801,80109,488755,148776,190602,64.65,1313.57,2638.14,45081.93,1546.75,7.7
四川,25,2016,76619,744,79513,519205,153601,207633,67.04,1472.35,3238.64,46424.64,1655.96,7.74
四川,25,2017,77487,708,80481,563475,162709,228548,70.99,1664.93,3680.6,48530.89,1824.74,7.77
四川,25,2018,78427,697,81537,598898,171277,247262,74.63,1838.68,3900.12,51599.38,1835.29,8.05
四川,25,2019,80500,716,83756,631763,184960,270545,79.34,2144.44,4424.37,56026.45,1981.59,9.93
四川,25,2020,79491,716,82793,649756,195334,285807,82.45,2087.78,4830.52,51227.73,1756.35,11.8
四川,25,2021,76875,703,80249,662029,209833,306685,86.54,2368.62,5236.67,54647.38,1863.04,13.68
四川,25,2022,70671,686,74041,683902,216332,318363,88.75,2649.46,5642.82,54917.03,1969.74,15.55
四川,25,2023,71581,677,74975,708665,234531,335541,92.61,2930.3,6048.97,59026.68,2076.44,17.42
四川,25,2024,71467,672,74797,714948,244730,347019,94.22,3211.14,6455.12,60606.34,2183.14,19.29
天津,26,2012,4095,95,4551,53509,28200,27621,10.42,331.15,3394.9,9607.72,132.15,7.9
天津,26,2013,4209,96,4689,57743,29659,29715,10.65,381.8,3750.1,10532.71,135.91,8.17
天津,26,2014,4419,145,4990,60869,31007,31577,11.17,430.65,4291.29,11577.51,148.67,7.62
天津,26,2015,4618,151,5223,63693,33533,33804,11.81,482.54,4866.32,11880.74,150.75,7.1
天津,26,2016,4844,126,5443,65832,35435,36088,12.26,524.79,5294.21,12003.5,162.1,7.44
天津,26,2017,4960,97,5539,68409,38645,38205,12.96,541.84,5554.36,12144.66,158.11,7.92
天津,26,2018,5101,96,5686,68247,40515,39377,13.25,579.4,5698.41,11997.77,162.52,8.59
天津,26,2019,5348,95,5962,68262,43430,41410,13.92,655.25,6233.15,12288.53,169.88,10.03
天津,26,2020,5258,87,5838,68275,46206,42714,14.32,614.26,6545.33,9782.78,128.86,11.48
天津,26,2021,5489,73,6076,68681,48546,46810,15.25,769.76,6857.51,10853.49,162.69,12.93
天津,26,2022,5686,73,6282,68587,49486,48306,15.5,925.27,7169.69,10024.2,196.51,14.38
天津,26,2023,6184,72,6799,72593,53126,52102,16.54,1080.78,7481.87,11934.91,230.33,15.83
天津,26,2024,6333,68,6939,73299,57046,53698,17.16,1236.29,7794.05,12325.62,264.15,17.28
西藏,27,2012,6412,142,6660,8352,2897,1732,2.16,10,2079.51,1012.37,14.55,3.73
西藏,27,2013,6479,138,6725,11003,3658,2397,2.47,15.91,2366,1178.43,19.47,3.89
西藏,27,2014,6542,139,6795,11929,3987,2715,2.65,18.93,2580.03,1313.1,22.93,4.36
西藏,27,2015,6531,142,6814,14013,4395,3190,2.91,24.9,3208.66,1376.17,28.99,3.14
西藏,27,2016,6546,142,6835,14456,4791,3833,2.92,30.08,3780.94,1394.2,34.38,2.97
西藏,27,2017,6533,143,6826,16103,5720,4460,3.34,34.58,4131.04,1599.56,33.2,2.89
西藏,27,2018,6539,145,6844,16787,6230,5573,3.68,39.84,4881.82,1640.8,31.06,2.83
西藏,27,2019,6635,147,6940,17063,7134,5986,3.88,45.68,5395.01,1634.29,30.56,3.88
西藏,27,2020,6632,134,6939,18586,7367,6843,4.1,51.25,5765.42,1628.31,33.11,4.93
西藏,27,2021,6600,127,6907,19650,8304,7795,4.23,56.58,6135.83,1620.51,32.18,5.98
西藏,27,2022,6597,126,6906,20000,8741,8147,4.22,61.92,6506.24,1412.71,31.24,7.02
西藏,27,2023,6745,121,7058,21678,9878,9849,4.63,67.26,6876.65,1604.91,30.3,8.06
西藏,27,2024,6912,120,7233,21542,11215,10931,5.08,72.6,7247.06,1707.11,29.36,9.1
新疆,28,2012,16970,506,18320,131592,41358,52449,17.71,280.49,2536.29,8386.56,447.78,7.94
新疆,28,2013,17190,605,18663,137325,43582,56578,18.96,320.33,2945.97,9381.95,464.05,7.67
新疆,28,2014,17178,801,18873,142956,44999,59792,19.96,360.11,3266.62,9978.97,490.83,8.32
新疆,28,2015,17075,802,18798,150263,47226,63870,20.85,395.8,3691,10333.27,512.15,8.1
新疆,28,2016,17124,775,18825,156912,49517,67624,22,441.97,4012.89,10923.03,535.11,8.29
新疆,28,2017,17059,737,18724,167577,51037,70566,22.44,482.13,4453.89,11241.97,548.15,9.43
新疆,28,2018,16833,697,18450,178881,51912,72347,22.71,507.3,4843.23,10719.21,543.23,9.64
新疆,28,2019,16851,591,18376,186426,55990,77306,23.64,609.56,4844.05,12031.98,589.69,9.9
新疆,28,2020,16671,556,18158,181455,57318,80681,24.45,528.09,5841.48,10699.6,436.93,10.17
新疆,28,2021,15528,499,16970,186127,58674,85369,25.67,606.38,6838.91,10478.48,465.12,10.43
新疆,28,2022,15578,467,16999,179699,58830,89027,26.42,684.68,7836.34,9647.36,493.31,10.7
新疆,28,2023,16958,445,18416,195757,66186,101745,29.73,762.98,8833.77,14336.24,521.5,10.97
新疆,28,2024,17713,367,19112,202243,71742,107933,31.49,841.28,9831.2,16415.12,549.69,11.24
云南,29,2012,21887,519,23395,194707,56617,60755,23.34,399.75,1626.26,20009.25,621.18,6.97
云南,29,2013,21913,1294,24264,210125,61338,73305,26.55,464.78,1808.68,21119.83,675.03,7.06
云南,29,2014,21835,1324,24281,224899,62266,82823,28.28,539.09,1967.16,21890.23,728.55,7.23
云南,29,2015,21833,1183,24181,237597,66203,93278,30.46,595.78,2309.65,22836.65,748.89,7.31
云南,29,2016,22395,593,24234,253555,71460,105966,32.98,684.78,2754.12,24460.15,819.44,7.87
云南,29,2017,22868,524,24684,274809,77892,128513,36.92,759.84,3149.36,25464,892.25,8.27
云南,29,2018,23108,523,24954,291194,82233,136886,38.98,848.53,3425.52,25832.83,961.4,8.95
云南,29,2019,23638,526,25587,311899,93724,158461,42.93,941.26,3708.89,28244.33,1011.53,8.85
云南,29,2020,24592,532,26626,325212,100245,173175,45.89,972.96,4044.74,26982.52,970.49,8.76
云南,29,2021,24869,544,26885,330278,104086,182586,47,1092.95,4380.59,29365.84,993.9,8.66
云南,29,2022,25512,548,27528,341244,110127,189997,48.63,1212.93,4716.44,31049.16,1017.3,8.57
云南,29,2023,26745,539,28765,359910,120768,203608,51.27,1332.91,5052.29,31832.48,1040.7,8.48
云南,29,2024,27662,533,29667,374276,131609,213209,53.64,1452.89,5388.14,32615.8,1064.1,8.39
浙江,30,2012,28939,377,30271,213286,109459,121313,40.01,1148.37,2818.51,45191.12,626.35,7.14
浙江,30,2013,28655,396,30063,230056,117370,132705,42.71,1291.14,3114.45,47526.35,689.52,6.13
浙江,30,2014,28673,577,30358,245756,124670,145141,45.58,1484.16,3589.3,50424.96,756.28,6.25
浙江,30,2015,29431,483,31137,272509,135772,159945,49.1,1603.06,4062.49,52973.42,791.15,6.22
浙江,30,2016,29811,420,31546,289870,145017,174523,52.36,1801.1,4603.84,55521.29,871.29,6.22
浙江,30,2017,30189,394,31979,313520,155076,187717,55.57,2028.93,4995.65,59514.12,949.26,6.04
浙江,30,2018,30883,393,32754,332086,166124,201511,58.94,2263.93,5433.29,62755.16,1019.74,6.48
浙江,30,2019,32145,403,34119,350191,179950,219790,62.8,2524.51,5881.25,68133.15,1104.33,6.93
浙江,30,2020,32376,401,34400,361317,191541,233067,65.98,2412.42,5909.49,60499.87,964.82,7.37
浙江,30,2021,33021,406,35120,369875,206656,250311,69.48,2799.43,5937.73,67114.91,1081.24,7.82
浙江,30,2022,33806,409,35967,381733,220000,267045,73.17,3186.45,5965.97,69529.95,1197.67,8.26
浙江,30,2023,35405,414,37679,406191,238386,292303,78.58,3573.47,5994.21,75345,1314.1,8.7
浙江,30,2024,37395,322,39593,413249,251701,299443,81.43,3960.49,6022.45,79030.05,1430.53,9.14
重庆,31,2012,17310,167,17961,130813,38790,49823,18.41,333.75,2110.5,13304.98,449.74,7.32
重庆,31,2013,18025,350,18926,147436,41712,55460,19.77,407.3,2482.61,13909.95,507.15,7.34
重庆,31,2014,17886,298,18767,160579,44252,62739,21.05,482.36,2746.3,13797.98,551.33,7.54
重庆,31,2015,18986,159,19806,176549,47689,69954,22.71,547.53,3315.82,14500.3,591.07,7.1
重庆,31,2016,19044,156,19933,190850,51474,77463,24.28,607.39,3492.19,14905.67,631.37,7.46
重庆,31,2017,18748,152,19682,206376,55216,84853,25.59,679.84,3836.11,15552.73,687.06,8.24
重庆,31,2018,19535,153,20524,220104,61809,95109,27.28,746.03,4430.65,15968.77,705.44,8.21
重庆,31,2019,20001,150,21057,231806,67366,103147,28.8,847.59,4530.36,17548.28,752.87,9.31
重庆,31,2020,19838,149,20922,235520,72127,109417,30.16,863.92,4860.2,17027.73,676.15,10.41
重庆,31,2021,20268,154,21361,240741,76155,114010,30.85,1007.87,5190.04,19363.28,730.51,11.51
重庆,31,2022,21161,153,22259,250862,79183,117303,31.59,1151.82,5519.88,19738.83,784.86,12.61
重庆,31,2023,22279,156,23389,255683,86111,128146,33.47,1295.77,5849.72,21534.38,839.21,13.71
重庆,31,2024,22734,121,23815,247904,92839,133109,34.56,1439.72,6179.56,22519.93,893.56,14.81
